component,test_orbit,seed,physical_unit,rmse,mae,bias,n_windows,n_units
"bat","LEO500",17,"cycles",1.945803810255103,1.2965977852709918,-0.0823151827645441,1377,70
"bat","LEO500",42,"cycles",1.9458041689444607,1.2965972116383337,-0.08231416432256537,1377,70
"bat","LEO500",73,"cycles",1.9458047786955588,1.2965977081685116,-0.0823145206424118,1377,70
"bat","LEO550",17,"cycles",1.794480764811762,1.1889368590558989,-0.21438023811438103,1178,68
"bat","LEO550",42,"cycles",1.7944782677897027,1.1889351151118837,-0.2143981985595488,1178,68
"bat","LEO550",73,"cycles",1.7944782450276895,1.18893593419792,-0.21437973204226463,1178,68
"bat","LEO700",17,"cycles",2.3908047728001183,1.5582889730838698,0.3802092772711531,1126,65
"bat","LEO700",42,"cycles",2.3908131966943005,1.5582929414366866,0.3802020556172973,1126,65
"bat","LEO700",73,"cycles",2.3908083158789544,1.5582942240655944,0.3801969882970027,1126,65
"rwa","LEO500",17,"days",0.02073026174109617,0.015588578322950485,-0.0002480711294695969,2352,78
"rwa","LEO500",42,"days",0.020726690457349546,0.015588385236002734,-0.0002204742577961125,2352,78
"rwa","LEO500",73,"days",0.02071968431975331,0.015581872888397894,-0.00025647214209742247,2352,78
"rwa","LEO550",17,"days",0.020271680425118878,0.015054073661931257,-0.0012461274512041611,2324,79
"rwa","LEO550",42,"days",0.020271669494152742,0.015054065416280097,-0.001246087491855334,2324,79
"rwa","LEO550",73,"days",0.020271650979907047,0.01505405703986708,-0.0012460397315578679,2324,79
"rwa","LEO700",17,"days",0.021490304857380137,0.01671227227407324,0.0017382479463072835,2375,83
"rwa","LEO700",42,"days",0.02149030671715789,0.016712271223364914,0.0017382356173414,2375,83
"rwa","LEO700",73,"days",0.021490294543810372,0.01671226311968211,0.0017381867628256595,2375,83
