component,test_orbit,unit_id,n_windows,rmse,mae,bias
"bat","LEO500","BAT_LEO500_B00_H0_L1_S002",58,1.9939740713856826,1.4515237882733345,0.5133764818310738
"bat","LEO500","BAT_LEO500_B00_H0_L1_S003",45,1.5999572270633107,1.1194186750799417,0.2653623962153991
"bat","LEO500","BAT_LEO500_B00_H0_L1_S004",3,0.9282606525655404,0.7976347580552101,0.7976347580552101
"bat","LEO500","BAT_LEO500_B00_H0_L2_S005",12,0.6386874825099176,0.5102639319375157,-0.3091265680268407
"bat","LEO500","BAT_LEO500_B00_H0_L2_S006",32,1.776885711138078,1.3288729685882572,0.7455979102815036
"bat","LEO500","BAT_LEO500_B00_H0_L3_S009",32,2.5505063617910086,1.6980051761493087,1.433915994130075
"bat","LEO500","BAT_LEO500_B00_H0_L3_S010",1,1.9052422572940486e-05,1.9052422572940486e-05,1.9052422572940486e-05
"bat","LEO500","BAT_LEO500_B00_H0_L3_S011",13,1.3166930998340811,1.0579359269915865,-0.6818462073659668
"bat","LEO500","BAT_LEO500_B00_H0_L3_S012",3,0.2548220657401052,0.24760088417679071,-0.24760088417679071
"bat","LEO500","BAT_LEO500_B00_H1_L1_S013",42,1.7686213449605863,1.2225934437343053,0.5406852279390607
"bat","LEO500","BAT_LEO500_B00_H1_L1_S014",22,1.6552874449685564,1.1864252092147416,0.43334247629073536
"bat","LEO500","BAT_LEO500_B00_H1_L1_S015",21,1.6751288432746605,1.222075568512082,0.8647291189325708
"bat","LEO500","BAT_LEO500_B00_H1_L1_S016",4,1.0873157995676797,0.9864851832389832,-0.2934979274868965
"bat","LEO500","BAT_LEO500_B00_H1_L2_S017",4,0.8243109167489021,0.5912008724408224,0.5912008724408224
"bat","LEO500","BAT_LEO500_B00_H1_L2_S019",60,1.479770183532266,0.8362715970724821,-0.14044594950973988
"bat","LEO500","BAT_LEO500_B00_H1_L2_S020",30,1.4268343451325343,1.1682015843689442,0.7315673120319843
"bat","LEO500","BAT_LEO500_B00_H1_L3_S021",3,0.7081179006344069,0.579636637121439,0.5506598390638828
"bat","LEO500","BAT_LEO500_B00_H1_L3_S023",37,1.8393862216453907,1.4227716705283604,-0.036378305506061866
"bat","LEO500","BAT_LEO500_B00_H1_L3_S024",3,0.6951544781572795,0.6558652152307332,0.6558652152307332
"bat","LEO500","BAT_LEO500_B00_H2_L2_S030",15,1.1225398580257528,0.6974826217629015,0.3904170333407819
"bat","LEO500","BAT_LEO500_B00_H2_L2_S031",1,0.05441518878797069,0.05441518878797069,0.05441518878797069
"bat","LEO500","BAT_LEO500_B30_H0_L1_S038",18,1.2986712412415438,1.0024300465981166,-0.5562126015623411
"bat","LEO500","BAT_LEO500_B30_H0_L1_S039",8,0.4723393792305461,0.4227593424730003,0.2392840920947492
"bat","LEO500","BAT_LEO500_B30_H0_L1_S040",8,0.41003080076232457,0.36319055361673236,-0.10338675929233432
"bat","LEO500","BAT_LEO500_B30_H0_L2_S041",5,0.3696110452938254,0.31408170238137245,0.0875638984143734
"bat","LEO500","BAT_LEO500_B30_H0_L2_S042",33,2.236835072931249,1.7417894887991927,1.2652351817285472
"bat","LEO500","BAT_LEO500_B30_H0_L2_S043",18,1.0703734315892899,0.8524239431911459,0.27752547175623477
"bat","LEO500","BAT_LEO500_B30_H0_L2_S044",44,2.3885749654024893,1.836582374843684,-1.7308386212045497
"bat","LEO500","BAT_LEO500_B30_H0_L3_S045",48,1.2397001036963355,0.8734034199733287,-0.2091387694235891
"bat","LEO500","BAT_LEO500_B30_H0_L3_S046",51,2.1655340696320575,1.7124011126511238,-0.8630402057486422
"bat","LEO500","BAT_LEO500_B30_H0_L3_S047",7,0.6742038804749756,0.46279492921062876,0.29309364035725594
"bat","LEO500","BAT_LEO500_B30_H0_L3_S048",45,1.5011548212523818,1.152535689373811,-0.11404344191153844
"bat","LEO500","BAT_LEO500_B30_H1_L1_S049",28,2.6803703712669393,2.022579009644687,0.539450257617448
"bat","LEO500","BAT_LEO500_B30_H1_L1_S050",13,1.0625602861805443,0.8513580613697951,-0.14049936300860003
"bat","LEO500","BAT_LEO500_B30_H1_L1_S052",38,1.7565220427041957,1.3127921737338368,-1.0653510983837278
"bat","LEO500","BAT_LEO500_B30_H1_L2_S053",8,0.8206607683692768,0.6953149801120162,0.6879422580823302
"bat","LEO500","BAT_LEO500_B30_H1_L2_S054",6,0.38862728174322836,0.29565831646323204,-0.27442192658782005
"bat","LEO500","BAT_LEO500_B30_H1_L2_S055",25,2.223280151839447,1.4375919587910175,1.1171232350170612
"bat","LEO500","BAT_LEO500_B30_H1_L3_S057",4,0.9845458436908755,0.6442059762775898,0.6336836144328117
"bat","LEO500","BAT_LEO500_B30_H1_L3_S058",1,1.2644385918974876,1.2644385918974876,1.2644385918974876
"bat","LEO500","BAT_LEO500_B30_H1_L3_S059",18,1.029970559637424,0.8660234821339449,0.275944701085488
"bat","LEO500","BAT_LEO500_B30_H1_L3_S060",20,1.730846268437747,1.3310832995921373,0.5745504889637232
"bat","LEO500","BAT_LEO500_B30_H2_L1_S062",4,0.5366825003833953,0.3619444433494934,0.15418667978490674
"bat","LEO500","BAT_LEO500_B30_H2_L1_S063",21,1.6376303003134443,1.2657997531018086,-0.08778909354337625
"bat","LEO500","BAT_LEO500_B30_H2_L1_S064",5,0.12758199701940826,0.1160982996225357,0.06601788103580475
"bat","LEO500","BAT_LEO500_B30_H2_L2_S065",2,0.6678231643948246,0.6510703358799219,0.6510703358799219
"bat","LEO500","BAT_LEO500_B30_H2_L2_S068",1,1.13888718187809,1.13888718187809,1.13888718187809
"bat","LEO500","BAT_LEO500_B30_H2_L3_S069",12,0.870910147056989,0.6176328577566892,-0.2393887669313699
"bat","LEO500","BAT_LEO500_B30_H2_L3_S070",1,0.9489756077528,0.9489756077528,0.9489756077528
"bat","LEO500","BAT_LEO500_B60_H0_L1_S073",6,0.7329124313181159,0.6805529352277517,0.32316274009644985
"bat","LEO500","BAT_LEO500_B60_H0_L1_S075",57,4.9806138256317345,3.707034052594712,-2.8698765623726343
"bat","LEO500","BAT_LEO500_B60_H0_L1_S076",26,1.3695592520053903,0.899485144047783,-0.04749933186058815
"bat","LEO500","BAT_LEO500_B60_H0_L2_S078",46,1.0756960774925257,0.7586460924990799,-0.569476231770671
"bat","LEO500","BAT_LEO500_B60_H0_L2_S079",45,0.855089701883336,0.568527008096377,0.1158654938141505
"bat","LEO500","BAT_LEO500_B60_H0_L2_S080",4,0.5465049371625176,0.5193739081732929,-0.06698212819173932
"bat","LEO500","BAT_LEO500_B60_H0_L3_S082",16,1.289636734597467,0.8290247758850455,-0.22650326136499643
"bat","LEO500","BAT_LEO500_B60_H0_L3_S083",41,2.4125271376211477,2.059068553513143,-1.875722476440232
"bat","LEO500","BAT_LEO500_B60_H0_L3_S084",11,0.682597695080643,0.5161928362213075,0.03134650495749983
"bat","LEO500","BAT_LEO500_B60_H1_L1_S086",5,1.7632695422904965,1.1492293328046799,-0.9556151926517487
"bat","LEO500","BAT_LEO500_B60_H1_L1_S088",32,2.078404296630079,1.536258717533201,0.09740333771333098
"bat","LEO500","BAT_LEO500_B60_H1_L2_S092",13,1.8813131911805372,1.3754679570690944,0.02487193291577009
"bat","LEO500","BAT_LEO500_B60_H1_L3_S093",21,1.956833008354258,1.6479193099907465,1.3717672654560633
"bat","LEO500","BAT_LEO500_B60_H1_L3_S094",22,2.5010954322976424,2.1753802599216048,2.1354120944372634
"bat","LEO500","BAT_LEO500_B60_H1_L3_S095",43,1.1172965621018602,0.8779988797424838,-0.7427113109030002
"bat","LEO500","BAT_LEO500_B60_H1_L3_S096",12,1.5966143620944466,1.2981340405531228,0.6998604978434741
"bat","LEO500","BAT_LEO500_B60_H2_L1_S097",13,2.114002015551763,1.270182581188587,-0.9366223803506448
"bat","LEO500","BAT_LEO500_B60_H2_L1_S098",10,0.8364022488715475,0.6952247489243746,0.4599717166274786
"bat","LEO500","BAT_LEO500_B60_H2_L2_S101",7,0.966843574003151,0.8475336121461753,0.3452791175472417
"bat","LEO500","BAT_LEO500_B60_H2_L2_S103",7,1.4431954177675,1.1251949239522219,-0.15024272059755667
"bat","LEO500","BAT_LEO500_B60_H2_L2_S104",7,1.372338637894618,1.2424764888627189,0.42907425335475374
"bat","LEO550","BAT_LEO550_B00_H0_L1_S110",6,0.33040747955252975,0.308651415980421,0.06071360257919878
"bat","LEO550","BAT_LEO550_B00_H0_L1_S111",27,2.745998131911133,2.21606172207329,0.2971706498000357
"bat","LEO550","BAT_LEO550_B00_H0_L1_S112",16,0.9721849495377364,0.8663352811709046,0.3263708436861634
"bat","LEO550","BAT_LEO550_B00_H0_L2_S113",23,1.2839490703255656,0.9711777764175128,-0.6584364057230034
"bat","LEO550","BAT_LEO550_B00_H0_L2_S114",30,1.4631377173663325,1.106585725210607,0.8649137848988175
"bat","LEO550","BAT_LEO550_B00_H0_L2_S115",21,1.1953017598552342,0.9671792886885149,0.5532880413479039
"bat","LEO550","BAT_LEO550_B00_H0_L2_S116",60,1.3383871581898004,0.7212633639574051,-0.025824233889579773
"bat","LEO550","BAT_LEO550_B00_H0_L3_S117",14,0.9047124233161737,0.6859745165067059,0.45893845547522816
"bat","LEO550","BAT_LEO550_B00_H0_L3_S118",37,1.4855491860314318,1.09350692380119,-0.5192526792352264
"bat","LEO550","BAT_LEO550_B00_H0_L3_S119",21,0.994023135755301,0.740305267806564,0.5383719690144062
"bat","LEO550","BAT_LEO550_B00_H0_L3_S120",38,1.5339618100877233,1.1092055466418203,-0.6251508590618247
"bat","LEO550","BAT_LEO550_B00_H1_L1_S121",17,1.1526636129583692,0.9979260373203194,-0.3824981751249117
"bat","LEO550","BAT_LEO550_B00_H1_L1_S122",3,1.082163791730465,1.0168617591261864,1.0168617591261864
"bat","LEO550","BAT_LEO550_B00_H1_L1_S124",18,1.5869788200137043,1.2191191005210082,-0.23237097387512526
"bat","LEO550","BAT_LEO550_B00_H1_L2_S125",2,0.6957423896519073,0.5939415976172313,0.5939415976172313
"bat","LEO550","BAT_LEO550_B00_H1_L2_S126",3,0.7118256599849754,0.6743651814758778,0.6743651814758778
"bat","LEO550","BAT_LEO550_B00_H1_L2_S127",22,1.0870072170562584,0.8966369469734755,-0.4918273961679502
"bat","LEO550","BAT_LEO550_B00_H1_L3_S130",38,1.6655373751986562,1.1728140819621713,-0.40553993006285866
"bat","LEO550","BAT_LEO550_B00_H1_L3_S131",3,0.9455671859914528,0.8947086171247065,0.8947086171247065
"bat","LEO550","BAT_LEO550_B00_H1_L3_S132",5,0.5362578133926321,0.4983364976942539,-0.357856135815382
"bat","LEO550","BAT_LEO550_B00_H2_L1_S134",18,1.2379897019380521,0.9959000318000714,0.004470146571596463
"bat","LEO550","BAT_LEO550_B00_H2_L1_S135",16,1.0728818540115597,0.8294561906950548,0.09846198081504554
"bat","LEO550","BAT_LEO550_B00_H2_L2_S138",19,1.038288184963726,0.8632617585949207,-0.23967570527211615
"bat","LEO550","BAT_LEO550_B00_H2_L3_S143",12,0.7805924654173366,0.538410316221416,0.0009965850040316582
"bat","LEO550","BAT_LEO550_B00_H2_L3_S144",3,1.0446984755045983,0.9219122119247913,0.9219122119247913
"bat","LEO550","BAT_LEO550_B30_H0_L1_S145",6,1.3178967508638861,0.9399177273735404,0.7419349392876029
"bat","LEO550","BAT_LEO550_B30_H0_L1_S146",10,1.2305391795116998,0.9587422572076321,0.6200685538351536
"bat","LEO550","BAT_LEO550_B30_H0_L1_S147",11,1.6012716911872065,1.324747172607617,1.1008509942753748
"bat","LEO550","BAT_LEO550_B30_H0_L2_S149",11,1.443200914730172,1.207226413217458,0.2600839530879801
"bat","LEO550","BAT_LEO550_B30_H0_L2_S150",6,1.5611932616515007,1.1898459866642952,1.1898459866642952
"bat","LEO550","BAT_LEO550_B30_H0_L2_S151",18,0.8342656040816937,0.6878230720758438,-0.030831371744473774
"bat","LEO550","BAT_LEO550_B30_H0_L3_S153",66,2.001304769081907,1.2406608830629424,-0.8171074198220264
"bat","LEO550","BAT_LEO550_B30_H0_L3_S154",65,1.9399356330603714,1.1858171267578235,-1.0349654105420296
"bat","LEO550","BAT_LEO550_B30_H0_L3_S156",11,1.7021206170716028,1.3883672654628754,1.1293272403153507
"bat","LEO550","BAT_LEO550_B30_H1_L1_S157",2,1.140606590625512,1.0246144607663155,1.0246144607663155
"bat","LEO550","BAT_LEO550_B30_H1_L1_S158",9,1.6344739723856672,1.0568241976822417,1.0568241976822417
"bat","LEO550","BAT_LEO550_B30_H1_L1_S159",18,0.9795055515733304,0.8460121074070533,-0.5533284662912289
"bat","LEO550","BAT_LEO550_B30_H1_L1_S160",6,0.644712853093333,0.5204348359256983,0.06829961203038692
"bat","LEO550","BAT_LEO550_B30_H1_L2_S161",8,1.0360849386541586,0.6138509488664567,0.17097681993618608
"bat","LEO550","BAT_LEO550_B30_H1_L2_S162",12,2.0050444781317083,1.448210421949625,1.438738126307726
"bat","LEO550","BAT_LEO550_B30_H1_L2_S163",3,1.3204311047115556,1.243613287806511,1.243613287806511
"bat","LEO550","BAT_LEO550_B30_H1_L2_S164",17,1.200882742090599,0.9477435090743443,-0.6227639092899421
"bat","LEO550","BAT_LEO550_B30_H1_L3_S165",11,1.7896515348939177,1.1911079943688079,0.6255854958329689
"bat","LEO550","BAT_LEO550_B30_H1_L3_S167",46,1.239987329089165,0.8305914659538994,0.263671119413946
"bat","LEO550","BAT_LEO550_B30_H2_L1_S172",7,1.3486933227749738,0.9259928882654224,0.8924381341785192
"bat","LEO550","BAT_LEO550_B60_H0_L1_S181",28,4.06798810142954,2.807455273744251,-0.6745616472991449
"bat","LEO550","BAT_LEO550_B60_H0_L1_S182",8,1.7213396789717323,1.4345305011374876,-1.4345305011374876
"bat","LEO550","BAT_LEO550_B60_H0_L1_S183",6,1.5578463562889457,1.202125335112214,-0.8360290434211493
"bat","LEO550","BAT_LEO550_B60_H0_L1_S184",1,0.6425872212275863,0.6425872212275863,0.6425872212275863
"bat","LEO550","BAT_LEO550_B60_H0_L2_S185",45,1.0578271266414747,0.7135860621929169,-0.6178083519140879
"bat","LEO550","BAT_LEO550_B60_H0_L2_S188",41,1.1341840093351905,0.7466540535593905,-0.2732390242560608
"bat","LEO550","BAT_LEO550_B60_H0_L3_S189",15,1.7656192015364411,1.2916302122175694,-0.5353233776986599
"bat","LEO550","BAT_LEO550_B60_H0_L3_S190",1,0.057262224436271936,0.057262224436271936,0.057262224436271936
"bat","LEO550","BAT_LEO550_B60_H0_L3_S191",25,2.4254923935782466,1.9271884560585022,0.5746309161186218
"bat","LEO550","BAT_LEO550_B60_H1_L1_S193",11,1.3277884997822784,1.0822396259754896,-0.6713301070373167
"bat","LEO550","BAT_LEO550_B60_H1_L1_S194",25,2.5719988404195178,1.9734777510166168,0.5446489155292511
"bat","LEO550","BAT_LEO550_B60_H1_L1_S195",26,2.6491598398822576,1.9555167080118105,-0.2617262160548797
"bat","LEO550","BAT_LEO550_B60_H1_L1_S196",26,2.405394522774847,1.7588095058901951,-0.4720703877795201
"bat","LEO550","BAT_LEO550_B60_H1_L2_S197",1,0.26570105692371726,0.26570105692371726,0.26570105692371726
"bat","LEO550","BAT_LEO550_B60_H1_L2_S199",19,2.6101138245400604,1.9786245777810876,-0.7873606475952425
"bat","LEO550","BAT_LEO550_B60_H1_L3_S201",22,1.2558469815142919,1.037336653098464,-0.43407871218567545
"bat","LEO550","BAT_LEO550_B60_H1_L3_S202",32,3.1912216397248203,2.0455286343349144,-1.3453524123178795
"bat","LEO550","BAT_LEO550_B60_H1_L3_S204",8,3.035862500503699,2.3040899337502196,-2.3040899337502196
"bat","LEO550","BAT_LEO550_B60_H2_L1_S207",7,2.043364973690157,1.6771165766320857,-1.6771165766320857
"bat","LEO550","BAT_LEO550_B60_H2_L2_S211",2,0.12353992082889727,0.08736325526470523,-0.08734857564931531
"bat","LEO550","BAT_LEO550_B60_H2_L2_S212",4,1.388084834435877,1.0857209796085954,-1.0313859907910228
"bat","LEO550","BAT_LEO550_B60_H2_L3_S214",3,0.9550917101338322,0.6550115533173084,-0.431696604937315
"bat","LEO550","BAT_LEO550_B60_H2_L3_S216",7,2.001262340536068,1.5890251878382904,-1.5890251878382904
"bat","LEO700","BAT_LEO700_B00_H0_L1_S218",15,1.3055508371042728,1.0364087857306004,-0.5600261129438877
"bat","LEO700","BAT_LEO700_B00_H0_L1_S219",3,0.8320902908625675,0.7506809430196881,0.5883809877559543
"bat","LEO700","BAT_LEO700_B00_H0_L2_S221",48,1.287542843872287,0.7948279875563458,-0.4202265728963539
"bat","LEO700","BAT_LEO700_B00_H0_L2_S222",8,1.1225456172720565,0.915119459386915,-0.8575340383686125
"bat","LEO700","BAT_LEO700_B00_H0_L2_S223",6,0.5298007219568578,0.35959036322310567,0.2809658762998879
"bat","LEO700","BAT_LEO700_B00_H0_L2_S224",2,1.0362227526857937,1.0279290843755007,1.0279290843755007
"bat","LEO700","BAT_LEO700_B00_H0_L3_S225",48,1.1929711786884283,0.6836321030277759,-0.525018252665177
"bat","LEO700","BAT_LEO700_B00_H0_L3_S227",33,2.2949054667828306,1.4995856210589409,0.08416075936772606
"bat","LEO700","BAT_LEO700_B00_H0_L3_S228",11,0.9362734053827674,0.7106960073790767,0.30312134291638027
"bat","LEO700","BAT_LEO700_B00_H1_L1_S229",1,0.4229326732456684,0.4229326732456684,0.4229326732456684
"bat","LEO700","BAT_LEO700_B00_H1_L1_S230",33,1.7160085895943782,1.3868183320896192,-0.7230293090370569
"bat","LEO700","BAT_LEO700_B00_H1_L1_S231",23,1.3562939758741446,1.2232524099881235,-0.7111191952034183
"bat","LEO700","BAT_LEO700_B00_H1_L1_S232",10,0.991797017435831,0.8161510247737169,0.2536162454634905
"bat","LEO700","BAT_LEO700_B00_H1_L2_S233",7,0.5589293176354582,0.434615569455283,0.2236033124583108
"bat","LEO700","BAT_LEO700_B00_H1_L2_S234",3,0.48104126452750323,0.45927115716040134,0.018228357657790184
"bat","LEO700","BAT_LEO700_B00_H1_L2_S235",8,0.6288771509696506,0.42666313966037706,0.19204654527129605
"bat","LEO700","BAT_LEO700_B00_H1_L2_S236",15,0.934510901408228,0.7836997881531715,-0.19773181527853012
"bat","LEO700","BAT_LEO700_B00_H1_L3_S238",14,0.8002737082253119,0.6628550772022989,-0.07499571656808257
"bat","LEO700","BAT_LEO700_B00_H1_L3_S239",44,1.5601756213390272,1.1889560391533782,0.7470850652845745
"bat","LEO700","BAT_LEO700_B00_H1_L3_S240",9,1.1053026147669531,0.8686520159244537,-0.26718216637770337
"bat","LEO700","BAT_LEO700_B00_H2_L1_S243",6,0.48830781685707353,0.42083191219717264,-0.09977223817259073
"bat","LEO700","BAT_LEO700_B00_H2_L2_S245",1,0.7507670670747757,0.7507670670747757,0.7507670670747757
"bat","LEO700","BAT_LEO700_B00_H2_L2_S247",6,0.4646916986003891,0.3348958445712924,0.06852627266198397
"bat","LEO700","BAT_LEO700_B00_H2_L3_S250",11,0.9040376232495442,0.7775871379470284,-0.6288697985424236
"bat","LEO700","BAT_LEO700_B30_H0_L1_S253",62,1.362837570507058,0.654796123384468,-0.5552767956208798
"bat","LEO700","BAT_LEO700_B30_H0_L1_S255",3,0.2066503147102346,0.1343639312835876,0.12449191199266352
"bat","LEO700","BAT_LEO700_B30_H0_L1_S256",1,0.9573847128194757,0.9573847128194757,-0.9573847128194757
"bat","LEO700","BAT_LEO700_B30_H0_L2_S257",44,1.6243539869084085,1.2037304039536552,-0.9805600476366553
"bat","LEO700","BAT_LEO700_B30_H0_L2_S259",9,1.06938365150818,0.8385409911473592,0.6384166578451792
"bat","LEO700","BAT_LEO700_B30_H0_L2_S260",13,1.213933495484637,0.8420171341500603,0.33972672939013976
"bat","LEO700","BAT_LEO700_B30_H0_L3_S261",8,0.9344630475209773,0.6354813056532294,0.6032651814166456
"bat","LEO700","BAT_LEO700_B30_H0_L3_S263",7,1.0451393163903562,0.8604674699849316,0.8604674699849316
"bat","LEO700","BAT_LEO700_B30_H0_L3_S264",37,1.5410927751988153,1.1145485288186654,-0.1427454043280434
"bat","LEO700","BAT_LEO700_B30_H1_L1_S266",9,0.8101260553678321,0.6910917193939289,0.39055839491387206
"bat","LEO700","BAT_LEO700_B30_H1_L1_S267",51,1.72769469336051,1.1739522821324713,-1.0668813031824196
"bat","LEO700","BAT_LEO700_B30_H1_L1_S268",15,0.9118944483027132,0.7816730067133904,0.3241514787077904
"bat","LEO700","BAT_LEO700_B30_H1_L2_S269",25,2.1694832002090285,1.9696851298213005,-1.3443849608302116
"bat","LEO700","BAT_LEO700_B30_H1_L2_S270",31,1.8858824654551538,1.480461529365951,0.8003848379537943
"bat","LEO700","BAT_LEO700_B30_H1_L2_S271",16,1.2328223125645108,1.0022964474046603,0.538141731522046
"bat","LEO700","BAT_LEO700_B30_H1_L2_S272",22,1.2636560094063998,1.0529375719753178,-0.48748036338524386
"bat","LEO700","BAT_LEO700_B30_H1_L3_S274",1,2.051836673899743e-05,2.051836673899743e-05,2.051836673899743e-05
"bat","LEO700","BAT_LEO700_B30_H2_L1_S277",10,1.2663151131735595,1.07073032297194,1.0014671925455332
"bat","LEO700","BAT_LEO700_B30_H2_L1_S278",4,1.7305941821933475,1.6230173874646425,1.6230173874646425
"bat","LEO700","BAT_LEO700_B30_H2_L2_S281",6,0.9260818144391301,0.6777885719202459,0.6267887190915644
"bat","LEO700","BAT_LEO700_B30_H2_L2_S284",16,1.2426629151831001,0.9778751351404935,0.22212366457097232
"bat","LEO700","BAT_LEO700_B30_H2_L3_S288",5,1.4494467704044125,1.155132029671222,1.155132029671222
"bat","LEO700","BAT_LEO700_B60_H0_L1_S289",7,4.3519908291558504,2.7188858882124936,2.4630331633878604
"bat","LEO700","BAT_LEO700_B60_H0_L1_S290",5,4.919231034435483,4.048596080392599,4.048596080392599
"bat","LEO700","BAT_LEO700_B60_H0_L1_S291",51,3.46344913913548,2.512064907590256,1.3233796446858084
"bat","LEO700","BAT_LEO700_B60_H0_L1_S292",47,2.481260430150967,1.7768543144252071,1.5380776001814198
"bat","LEO700","BAT_LEO700_B60_H0_L2_S293",2,2.6392219300311406,2.593197114765644,2.593197114765644
"bat","LEO700","BAT_LEO700_B60_H0_L2_S294",53,3.986816357344756,2.937654272284148,1.879630779039185
"bat","LEO700","BAT_LEO700_B60_H0_L2_S295",11,3.2222365908876807,2.5213300419802014,-0.35031755370172585
"bat","LEO700","BAT_LEO700_B60_H0_L3_S297",32,3.682650980658333,2.9096962156472728,1.4228393527446315
"bat","LEO700","BAT_LEO700_B60_H0_L3_S300",1,1.2585634365677834,1.2585634365677834,1.2585634365677834
"bat","LEO700","BAT_LEO700_B60_H1_L1_S301",42,2.8042349342282744,2.139880255396877,1.7794207403702396
"bat","LEO700","BAT_LEO700_B60_H1_L1_S303",3,2.069844850516596,1.7649133689701557,1.5223431400954723
"bat","LEO700","BAT_LEO700_B60_H1_L2_S305",12,3.773335348088641,2.6924752281047404,0.2164675504900515
"bat","LEO700","BAT_LEO700_B60_H1_L2_S306",1,1.6692141070961952,1.6692141070961952,1.6692141070961952
"bat","LEO700","BAT_LEO700_B60_H1_L2_S307",6,4.0820488976324585,3.3081102883443236,3.3081102883443236
"bat","LEO700","BAT_LEO700_B60_H1_L2_S308",6,3.671092675235094,2.720112190581858,2.693884097971022
"bat","LEO700","BAT_LEO700_B60_H1_L3_S310",30,3.7005519015971546,2.7608565986156464,0.4010266065597534
"bat","LEO700","BAT_LEO700_B60_H1_L3_S311",37,4.677846071256253,3.9427648222929723,3.0360075771003157
"bat","LEO700","BAT_LEO700_B60_H2_L1_S315",4,4.407033475728256,3.8675837335176766,3.8675837335176766
"bat","LEO700","BAT_LEO700_B60_H2_L3_S324",16,4.388207086527682,2.9827546211890876,-0.22049109684303403
"rwa","LEO500","RWA_LEO500_B00_H0_L1_S001",42,0.033397987360246725,0.026791591064206192,0.02672008138504766
"rwa","LEO500","RWA_LEO500_B00_H0_L1_S002",61,0.025481957758634058,0.01914370202260916,-0.01914370202260916
"rwa","LEO500","RWA_LEO500_B00_H0_L1_S003",32,0.010796609959522733,0.008638071401583144,-0.006370092143697546
"rwa","LEO500","RWA_LEO500_B00_H0_L1_S004",56,0.01279760890825905,0.009104999746861202,0.008411276187481623
"rwa","LEO500","RWA_LEO500_B00_H0_L2_S006",58,0.020240070206010808,0.013948717493772632,0.013009996955074245
"rwa","LEO500","RWA_LEO500_B00_H0_L2_S007",27,0.025355472548494965,0.024691108683193172,0.024691108683193172
"rwa","LEO500","RWA_LEO500_B00_H0_L2_S008",38,0.014072437086223891,0.012437277950199421,-0.010264711713075244
"rwa","LEO500","RWA_LEO500_B00_H0_L3_S009",7,0.0026218321787943198,0.002160329903875079,0.0021029238189969744
"rwa","LEO500","RWA_LEO500_B00_H0_L3_S010",1,0.016897744406014683,0.016897744406014683,0.016897744406014683
"rwa","LEO500","RWA_LEO500_B00_H0_L3_S011",11,0.0038280788349201967,0.00324321694841439,-0.0023949098265306505
"rwa","LEO500","RWA_LEO500_B00_H0_L3_S012",7,0.00199746506062863,0.001679192376988275,-0.0008045186953885217
"rwa","LEO500","RWA_LEO500_B00_H1_L1_S013",33,0.020200437380261067,0.018432121723890308,-0.017625605495590155
"rwa","LEO500","RWA_LEO500_B00_H1_L1_S014",21,0.007693751241684012,0.005911509710408395,0.002063467052011264
"rwa","LEO500","RWA_LEO500_B00_H1_L1_S016",60,0.006351197101455619,0.003928577965950049,0.00044385956372328616
"rwa","LEO500","RWA_LEO500_B00_H1_L2_S017",35,0.02675238204182752,0.023331520754311767,0.02249080711709602
"rwa","LEO500","RWA_LEO500_B00_H1_L2_S018",61,0.015944202307509155,0.011420609597422065,-0.009564939309216917
"rwa","LEO500","RWA_LEO500_B00_H1_L2_S020",37,0.028783361726199507,0.02630425922169879,-0.02519888880889158
"rwa","LEO500","RWA_LEO500_B00_H1_L3_S021",6,0.0049908489382743185,0.0038471650332212452,-0.0036076164493958163
"rwa","LEO500","RWA_LEO500_B00_H1_L3_S023",6,0.009805692732963266,0.008459516086926062,-0.008459516086926062
"rwa","LEO500","RWA_LEO500_B00_H2_L1_S025",12,0.02439060225185663,0.024259380654742316,0.024259380654742316
"rwa","LEO500","RWA_LEO500_B00_H2_L1_S026",23,0.028936669273046244,0.028547971659218484,0.028547971659218484
"rwa","LEO500","RWA_LEO500_B00_H2_L1_S027",30,0.01717573301557515,0.01565520851562421,0.014495372064411644
"rwa","LEO500","RWA_LEO500_B00_H2_L1_S028",22,0.016751066997644868,0.014763732305304568,-0.014201456393030554
"rwa","LEO500","RWA_LEO500_B00_H2_L2_S029",34,0.028460920779936838,0.025148884228923744,0.022177547808079158
"rwa","LEO500","RWA_LEO500_B00_H2_L2_S030",14,0.026877662065155676,0.026734878335680286,0.026734878335680286
"rwa","LEO500","RWA_LEO500_B00_H2_L2_S031",10,0.008257145318565607,0.007430427223443986,0.007430427223443986
"rwa","LEO500","RWA_LEO500_B00_H2_L3_S033",6,0.006991767052702649,0.005326234921813011,-0.0052132389197746916
"rwa","LEO500","RWA_LEO500_B30_H0_L1_S037",38,0.026621064297870218,0.022788064441594636,0.022527173029160814
"rwa","LEO500","RWA_LEO500_B30_H0_L1_S038",49,0.029703234293212796,0.024324808072070686,-0.024324808072070686
"rwa","LEO500","RWA_LEO500_B30_H0_L1_S040",72,0.006543336273478104,0.004812585435704227,0.0012424092713950402
"rwa","LEO500","RWA_LEO500_B30_H0_L2_S041",37,0.024502923337014065,0.02067588471077584,0.02042250439927385
"rwa","LEO500","RWA_LEO500_B30_H0_L2_S042",33,0.00736206604690096,0.00604905000690258,-0.0027565231603203385
"rwa","LEO500","RWA_LEO500_B30_H0_L2_S043",62,0.012216354703767396,0.008567337084922102,0.006839479956655731
"rwa","LEO500","RWA_LEO500_B30_H0_L2_S044",54,0.014379526211510679,0.011288643055767926,-0.010747260510645531
"rwa","LEO500","RWA_LEO500_B30_H0_L3_S045",6,0.003053375875530958,0.0023925780008236582,-0.0019215401262044924
"rwa","LEO500","RWA_LEO500_B30_H0_L3_S046",6,0.006906212265673789,0.006142047544320427,-0.006142047544320427
"rwa","LEO500","RWA_LEO500_B30_H0_L3_S047",11,0.03405502170307889,0.03380153971639547,0.03380153971639547
"rwa","LEO500","RWA_LEO500_B30_H1_L1_S049",32,0.031069615332140553,0.02854625725303777,0.028529839153634384
"rwa","LEO500","RWA_LEO500_B30_H1_L1_S050",48,0.006231975953821045,0.0044342227784606334,-0.0006907679877864826
"rwa","LEO500","RWA_LEO500_B30_H1_L1_S052",46,0.029728634926074644,0.0255639658552473,-0.02542321307422674
"rwa","LEO500","RWA_LEO500_B30_H1_L2_S054",46,0.01261339113473934,0.010032206011490656,0.007429649534068358
"rwa","LEO500","RWA_LEO500_B30_H1_L2_S055",28,0.024505939790973402,0.023455030135145143,0.023455030135145143
"rwa","LEO500","RWA_LEO500_B30_H1_L2_S056",26,0.014549450201479913,0.012731577957478856,-0.011981932432032551
"rwa","LEO500","RWA_LEO500_B30_H1_L3_S057",6,0.006747863721912353,0.0054838439449667944,-0.005200059153139592
"rwa","LEO500","RWA_LEO500_B30_H1_L3_S060",6,0.0026683950420096476,0.0019260369241237644,-0.0013057147463162732
"rwa","LEO500","RWA_LEO500_B30_H2_L1_S061",17,0.013563705669782324,0.010566135563011116,0.010557565817554645
"rwa","LEO500","RWA_LEO500_B30_H2_L1_S062",39,0.026207840426506094,0.023824751806946903,-0.023213394893667638
"rwa","LEO500","RWA_LEO500_B30_H2_L1_S063",29,0.033816827225115594,0.03198307672965116,0.03198307672965116
"rwa","LEO500","RWA_LEO500_B30_H2_L2_S065",26,0.01585199563966044,0.015300925978674336,0.015300925978674336
"rwa","LEO500","RWA_LEO500_B30_H2_L2_S066",10,0.024019062294783452,0.023730348199605945,0.023730348199605945
"rwa","LEO500","RWA_LEO500_B30_H2_L2_S067",33,0.010618393361799183,0.008368778036850872,-0.003411626646464521
"rwa","LEO500","RWA_LEO500_B30_H2_L2_S068",25,0.019579546153366496,0.017768000960350038,-0.01732881939411163
"rwa","LEO500","RWA_LEO500_B30_H2_L3_S072",2,0.011011711586317294,0.010970721021294594,0.010970721021294594
"rwa","LEO500","RWA_LEO500_B60_H0_L1_S073",49,0.01693436890666973,0.013085318885135408,-0.01278693886207683
"rwa","LEO500","RWA_LEO500_B60_H0_L1_S074",71,0.0054344170575324705,0.0038554856317563786,-0.00047130938881719464
"rwa","LEO500","RWA_LEO500_B60_H0_L1_S076",49,0.022715142602717852,0.016788096049306346,0.016577324780578512
"rwa","LEO500","RWA_LEO500_B60_H0_L2_S077",45,0.019164923703213644,0.015597063358873132,-0.01557683645644122
"rwa","LEO500","RWA_LEO500_B60_H0_L2_S078",47,0.01713695369623628,0.013069994058063689,0.012675669511899036
"rwa","LEO500","RWA_LEO500_B60_H0_L2_S079",78,0.020964690798106467,0.014235273463866457,-0.014153036884127711
"rwa","LEO500","RWA_LEO500_B60_H0_L2_S080",33,0.01322796230186374,0.010589799733663146,0.010381480777692614
"rwa","LEO500","RWA_LEO500_B60_H0_L3_S082",11,0.007914646889691016,0.007082093405452641,-0.006324118680574678
"rwa","LEO500","RWA_LEO500_B60_H0_L3_S083",3,0.006515325409931635,0.005370431890090306,0.005370431890090306
"rwa","LEO500","RWA_LEO500_B60_H0_L3_S084",4,0.012131974893601523,0.011986655090004206,0.011986655090004206
"rwa","LEO500","RWA_LEO500_B60_H1_L1_S086",40,0.02377997166666811,0.021119027498643844,-0.020715403903741388
"rwa","LEO500","RWA_LEO500_B60_H1_L1_S087",62,0.023868851440878004,0.018138500720623042,-0.018138500720623042
"rwa","LEO500","RWA_LEO500_B60_H1_L1_S088",39,0.023810181652225034,0.01998846776878986,0.019068325497210024
"rwa","LEO500","RWA_LEO500_B60_H1_L2_S089",25,0.02090669548830819,0.018970900267362593,-0.01880611404776573
"rwa","LEO500","RWA_LEO500_B60_H1_L2_S090",34,0.014782932745455668,0.012977958865025462,0.012749616977046518
"rwa","LEO500","RWA_LEO500_B60_H1_L2_S092",59,0.040863196749077055,0.03146531711237789,-0.03146531711237789
"rwa","LEO500","RWA_LEO500_B60_H1_L3_S093",6,0.011119973513836819,0.009908570799355707,-0.009908570799355707
"rwa","LEO500","RWA_LEO500_B60_H2_L1_S098",21,0.023893527633234456,0.02328776502538295,0.02328776502538295
"rwa","LEO500","RWA_LEO500_B60_H2_L1_S099",20,0.00856951673120675,0.007546451091766356,-0.003209766447544096
"rwa","LEO500","RWA_LEO500_B60_H2_L1_S100",13,0.004460951710032578,0.003326516311902265,0.0012329643735518822
"rwa","LEO500","RWA_LEO500_B60_H2_L2_S101",18,0.03289401891293546,0.032431454459826155,0.032431454459826155
"rwa","LEO500","RWA_LEO500_B60_H2_L2_S102",30,0.02378978543458583,0.021842803303152324,-0.020579233424117164
"rwa","LEO500","RWA_LEO500_B60_H2_L2_S103",16,0.013469200744965323,0.01252347397385165,-0.01252347397385165
"rwa","LEO500","RWA_LEO500_B60_H2_L2_S104",41,0.01147012174923982,0.010316018814720761,-0.00795060801433354
"rwa","LEO500","RWA_LEO500_B60_H2_L3_S107",1,0.01397219505161047,0.01397219505161047,0.01397219505161047
"rwa","LEO550","RWA_LEO550_B00_H0_L1_S109",50,0.027638633271679664,0.022177122756838797,-0.02186816592514515
"rwa","LEO550","RWA_LEO550_B00_H0_L1_S110",39,0.017373208459948584,0.014476898016455842,0.013915999357899028
"rwa","LEO550","RWA_LEO550_B00_H0_L1_S111",31,0.011975766967565292,0.010095742224685606,0.009892431934995035
"rwa","LEO550","RWA_LEO550_B00_H0_L1_S112",72,0.00729041647919978,0.0055919580911803594,-0.004801599813314777
"rwa","LEO550","RWA_LEO550_B00_H0_L2_S113",33,0.02016975800473761,0.01836766650561582,0.017084611142336423
"rwa","LEO550","RWA_LEO550_B00_H0_L2_S114",39,0.015335625092321429,0.013445069211033677,-0.011859625835831349
"rwa","LEO550","RWA_LEO550_B00_H0_L2_S115",53,0.024655174350508284,0.019561086004635082,-0.01951970930369396
"rwa","LEO550","RWA_LEO550_B00_H0_L3_S118",6,0.0026910592662783422,0.0022709640363852185,0.0022709640363852185
"rwa","LEO550","RWA_LEO550_B00_H0_L3_S119",7,0.003433340723193107,0.0024248635662453516,0.0023007790424994065
"rwa","LEO550","RWA_LEO550_B00_H0_L3_S120",7,0.009340587768658225,0.00872197917529515,0.00872197917529515
"rwa","LEO550","RWA_LEO550_B00_H1_L1_S121",45,0.008807267862800795,0.006671337023791342,0.003461550078872178
"rwa","LEO550","RWA_LEO550_B00_H1_L1_S122",47,0.034378089018036774,0.02915839219188437,-0.029058477195336465
"rwa","LEO550","RWA_LEO550_B00_H1_L1_S123",24,0.016140494131822832,0.013646883067364496,-0.013008157738174002
"rwa","LEO550","RWA_LEO550_B00_H1_L1_S124",31,0.016117148357996637,0.014728352223192496,0.014053890673864275
"rwa","LEO550","RWA_LEO550_B00_H1_L2_S125",49,0.034914514500064865,0.02898654868560178,-0.028853889167004706
"rwa","LEO550","RWA_LEO550_B00_H1_L2_S126",49,0.019313524239174876,0.014782316146456463,0.011027778213729666
"rwa","LEO550","RWA_LEO550_B00_H1_L2_S127",31,0.018552573898603916,0.01714631714407475,0.016953007360139202
"rwa","LEO550","RWA_LEO550_B00_H1_L3_S129",6,0.0041557708050076955,0.002914700284600258,-0.0013266013314326601
"rwa","LEO550","RWA_LEO550_B00_H1_L3_S130",7,0.00758725998617393,0.006636019769523826,0.006636019769523826
"rwa","LEO550","RWA_LEO550_B00_H2_L1_S133",23,0.021518318012134947,0.020572663924616316,0.020572663924616316
"rwa","LEO550","RWA_LEO550_B00_H2_L1_S134",31,0.010261226130243684,0.00762833797883603,0.0015307216754844096
"rwa","LEO550","RWA_LEO550_B00_H2_L1_S135",12,0.014908866872409552,0.014763412158936262,0.014763412158936262
"rwa","LEO550","RWA_LEO550_B00_H2_L2_S137",38,0.013442349670020878,0.012032107665742697,-0.008812727377210793
"rwa","LEO550","RWA_LEO550_B00_H2_L2_S138",14,0.008823816158066013,0.0069011650447334556,0.006896428178463664
"rwa","LEO550","RWA_LEO550_B00_H2_L2_S139",19,0.00783359524234943,0.006983529148917448,-0.0037479044183304417
"rwa","LEO550","RWA_LEO550_B00_H2_L3_S142",1,0.021803306043148042,0.021803306043148042,0.021803306043148042
"rwa","LEO550","RWA_LEO550_B30_H0_L1_S145",49,0.035349416323399226,0.029116779503089437,-0.029116779503089437
"rwa","LEO550","RWA_LEO550_B30_H0_L1_S146",71,0.01331030855009029,0.010103302811023214,0.005698042724963644
"rwa","LEO550","RWA_LEO550_B30_H0_L1_S147",35,0.007487600155741495,0.005726091680782182,-0.0009751209297350483
"rwa","LEO550","RWA_LEO550_B30_H0_L1_S148",36,0.025526298358201492,0.022319360325733822,0.022307913584841618
"rwa","LEO550","RWA_LEO550_B30_H0_L2_S149",76,0.017600791415703174,0.011496387238271148,-0.011371403886005289
"rwa","LEO550","RWA_LEO550_B30_H0_L2_S150",51,0.03487853041089464,0.028206121242221664,-0.02810751767281224
"rwa","LEO550","RWA_LEO550_B30_H0_L2_S151",47,0.025642845556036083,0.019685653438593482,0.01826722166956739
"rwa","LEO550","RWA_LEO550_B30_H0_L3_S153",22,0.04769613347720124,0.04191506852141836,-0.04011300441555002
"rwa","LEO550","RWA_LEO550_B30_H0_L3_S154",6,0.006346795079533764,0.005351856350898743,-0.005351856350898743
"rwa","LEO550","RWA_LEO550_B30_H0_L3_S155",6,0.003667622460511707,0.003382639028131962,0.003382639028131962
"rwa","LEO550","RWA_LEO550_B30_H0_L3_S156",6,0.0029642980183707235,0.0022183781179289023,-0.00048486040905117915
"rwa","LEO550","RWA_LEO550_B30_H1_L1_S158",46,0.013777955762039839,0.01068103426824445,0.008639247618291691
"rwa","LEO550","RWA_LEO550_B30_H1_L1_S159",31,0.020601106966791273,0.019067177236560852,0.018812485435797322
"rwa","LEO550","RWA_LEO550_B30_H1_L1_S160",51,0.01975432742081734,0.015609906274624464,-0.014854102993986627
"rwa","LEO550","RWA_LEO550_B30_H1_L2_S161",49,0.028444240756573407,0.022955862060189246,-0.02263366475853385
"rwa","LEO550","RWA_LEO550_B30_H1_L2_S162",47,0.012835644129375576,0.009250506267268609,0.005797759348407706
"rwa","LEO550","RWA_LEO550_B30_H1_L2_S163",34,0.011328914774538859,0.00927927679217914,0.008545207024058879
"rwa","LEO550","RWA_LEO550_B30_H1_L2_S164",22,0.011027414655305245,0.009583417377011343,-0.002361442030153492
"rwa","LEO550","RWA_LEO550_B30_H1_L3_S165",7,0.008602753900399784,0.007950660879058498,0.007950660879058498
"rwa","LEO550","RWA_LEO550_B30_H1_L3_S166",2,0.019628014287183665,0.01949127335101366,0.01949127335101366
"rwa","LEO550","RWA_LEO550_B30_H1_L3_S168",6,0.005033202987051065,0.004154741019010544,-0.004154741019010544
"rwa","LEO550","RWA_LEO550_B30_H2_L1_S169",19,0.008249057176504542,0.007097020784490988,-0.0025564756440488935
"rwa","LEO550","RWA_LEO550_B30_H2_L1_S170",34,0.02492555063977234,0.022939488116432635,-0.021793243026032166
"rwa","LEO550","RWA_LEO550_B30_H2_L1_S171",34,0.012863232470307163,0.011051977984607216,0.007871800211860855
"rwa","LEO550","RWA_LEO550_B30_H2_L2_S174",25,0.026754573563284898,0.023902389492839574,-0.023199055943638084
"rwa","LEO550","RWA_LEO550_B30_H2_L2_S175",22,0.02545108054921062,0.02485824493183331,0.02485824493183331
"rwa","LEO550","RWA_LEO550_B30_H2_L2_S176",9,0.012606154097334572,0.011974300816655159,0.011974300816655159
"rwa","LEO550","RWA_LEO550_B30_H2_L3_S179",4,0.010697966484278634,0.010278758965432644,0.010278758965432644
"rwa","LEO550","RWA_LEO550_B30_H2_L3_S180",3,0.012155448792283233,0.011348355716715256,0.011348355716715256
"rwa","LEO550","RWA_LEO550_B60_H0_L1_S181",66,0.006468914159689088,0.004895245989389493,0.0010821098235971965
"rwa","LEO550","RWA_LEO550_B60_H0_L1_S183",42,0.015010595664073693,0.01191884068151315,0.011758616584397495
"rwa","LEO550","RWA_LEO550_B60_H0_L1_S184",31,0.012351298869750518,0.009528375777506056,0.008884230688694983
"rwa","LEO550","RWA_LEO550_B60_H0_L2_S186",35,0.02459970578691069,0.021582601953830043,0.021421505244714877
"rwa","LEO550","RWA_LEO550_B60_H0_L2_S187",75,0.01713945383568358,0.012740556669731937,0.006975103649000327
"rwa","LEO550","RWA_LEO550_B60_H0_L2_S188",38,0.008764186304028357,0.007000865855891455,-0.005314869835580652
"rwa","LEO550","RWA_LEO550_B60_H0_L3_S189",11,0.0036278051578757,0.002981075983155858,0.000922735780477523
"rwa","LEO550","RWA_LEO550_B60_H0_L3_S190",5,0.003671074371143247,0.003338004834949971,0.0008302836492657664
"rwa","LEO550","RWA_LEO550_B60_H0_L3_S191",6,0.002220811435374221,0.0021029685313502956,0.0009327654416362441
"rwa","LEO550","RWA_LEO550_B60_H0_L3_S192",6,0.0020685128564945873,0.00187972541898489,0.0017684018239378936
"rwa","LEO550","RWA_LEO550_B60_H1_L1_S193",58,0.013255246556942879,0.009297445925466462,-0.009098084686837834
"rwa","LEO550","RWA_LEO550_B60_H1_L1_S194",33,0.0281207956830331,0.02614760538845351,-0.025947839473233078
"rwa","LEO550","RWA_LEO550_B60_H1_L1_S196",36,0.03454780982958284,0.02980897558025188,0.029612921995835168
"rwa","LEO550","RWA_LEO550_B60_H1_L2_S198",53,0.013310096240145581,0.010800261675151732,-0.00920017528312527
"rwa","LEO550","RWA_LEO550_B60_H1_L2_S199",37,0.018858359256234344,0.016496052648368724,0.015412606454982955
"rwa","LEO550","RWA_LEO550_B60_H1_L2_S200",27,0.010662780964162276,0.009081932972185314,0.008047110243286524
"rwa","LEO550","RWA_LEO550_B60_H1_L3_S201",6,0.0074022131959802055,0.00682634251813094,0.00682634251813094
"rwa","LEO550","RWA_LEO550_B60_H2_L1_S205",14,0.010472831196753024,0.00941115056297609,0.00941115056297609
"rwa","LEO550","RWA_LEO550_B60_H2_L1_S206",23,0.026766064200665556,0.02437853497331557,0.02437853497331557
"rwa","LEO550","RWA_LEO550_B60_H2_L1_S207",42,0.009936404403976374,0.008342404459558783,-0.007639066511321636
"rwa","LEO550","RWA_LEO550_B60_H2_L2_S210",23,0.03315371157230246,0.03278602377875992,0.03278602377875992
"rwa","LEO550","RWA_LEO550_B60_H2_L2_S211",14,0.006442391237777085,0.005130105252776829,0.004554841880287446
"rwa","LEO550","RWA_LEO550_B60_H2_L2_S212",26,0.018645300905134055,0.017263774029337445,-0.01564379790081428
"rwa","LEO550","RWA_LEO550_B60_H2_L3_S214",3,0.014057223123264373,0.013752452532450358,0.013752452532450358
"rwa","LEO700","RWA_LEO700_B00_H0_L1_S217",56,0.011387894787271239,0.008732428734323809,-0.008582599101854223
"rwa","LEO700","RWA_LEO700_B00_H0_L1_S218",55,0.02868369374301276,0.022177843918854544,-0.02195244151760231
"rwa","LEO700","RWA_LEO700_B00_H0_L1_S219",33,0.00727602143994683,0.0057540238157592054,0.0022718213075263944
"rwa","LEO700","RWA_LEO700_B00_H0_L1_S220",34,0.030237223156590977,0.027005688621498207,0.02693423106718589
"rwa","LEO700","RWA_LEO700_B00_H0_L2_S221",35,0.012118423567225353,0.010017543509602548,-0.00798592806926796
"rwa","LEO700","RWA_LEO700_B00_H0_L2_S223",27,0.024484305378492596,0.02369960313317953,0.02369960313317953
"rwa","LEO700","RWA_LEO700_B00_H0_L2_S224",57,0.03169430755216088,0.02498829469999723,-0.02498829469999723
"rwa","LEO700","RWA_LEO700_B00_H0_L3_S225",6,0.008484406429236048,0.00807518195360899,-0.00807518195360899
"rwa","LEO700","RWA_LEO700_B00_H0_L3_S227",6,0.00784472561687524,0.007516716979444026,-0.007516716979444026
"rwa","LEO700","RWA_LEO700_B00_H0_L3_S228",11,0.008654648471099547,0.007523039999333295,0.007523039999333295
"rwa","LEO700","RWA_LEO700_B00_H1_L1_S229",46,0.017052472554547116,0.013851581313824485,0.011846307432658607
"rwa","LEO700","RWA_LEO700_B00_H1_L1_S230",30,0.02611690560846381,0.02490399181842804,0.02490399181842804
"rwa","LEO700","RWA_LEO700_B00_H1_L1_S232",52,0.02538872668940969,0.020792648122565323,-0.020299978799840364
"rwa","LEO700","RWA_LEO700_B00_H1_L2_S233",25,0.009110634160921472,0.008070391450077296,0.0011027715541422354
"rwa","LEO700","RWA_LEO700_B00_H1_L2_S234",23,0.03450873100655919,0.03417534217562365,0.03417534217562365
"rwa","LEO700","RWA_LEO700_B00_H1_L2_S235",43,0.02866340264549854,0.025106625133302328,-0.02355053517101116
"rwa","LEO700","RWA_LEO700_B00_H1_L3_S237",1,0.02149828374385834,0.02149828374385834,0.02149828374385834
"rwa","LEO700","RWA_LEO700_B00_H1_L3_S238",7,0.005622423714707013,0.005397507920861244,-0.005397507920861244
"rwa","LEO700","RWA_LEO700_B00_H1_L3_S240",6,0.0068850534917081875,0.006448890827596188,-0.006448890827596188
"rwa","LEO700","RWA_LEO700_B00_H2_L1_S241",13,0.024790488897238918,0.0243033304810524,0.0243033304810524
"rwa","LEO700","RWA_LEO700_B00_H2_L1_S242",16,0.027483082523675362,0.027245285315439106,0.027245285315439106
"rwa","LEO700","RWA_LEO700_B00_H2_L1_S243",34,0.015448178738876618,0.013790703181396512,-0.010309086466098533
"rwa","LEO700","RWA_LEO700_B00_H2_L1_S244",32,0.03687938587826142,0.033318966772640124,0.032584403600776565
"rwa","LEO700","RWA_LEO700_B00_H2_L2_S245",27,0.015448353125237298,0.013974527021249135,-0.012570456498199037
"rwa","LEO700","RWA_LEO700_B00_H2_L2_S246",8,0.02711470935680472,0.027099354658275843,0.027099354658275843
"rwa","LEO700","RWA_LEO700_B00_H2_L2_S247",20,0.041777658538493266,0.04167551051825285,0.04167551051825285
"rwa","LEO700","RWA_LEO700_B00_H2_L2_S248",37,0.021194400742606447,0.018216962991534046,0.015075458626489381
"rwa","LEO700","RWA_LEO700_B00_H2_L3_S250",2,0.017165818647900673,0.016834472771734,0.016834472771734
"rwa","LEO700","RWA_LEO700_B30_H0_L1_S253",68,0.01739340147499053,0.01249625215526013,-0.012153351597268795
"rwa","LEO700","RWA_LEO700_B30_H0_L1_S254",32,0.008746668564233947,0.0068779739085584905,0.006246869498863817
"rwa","LEO700","RWA_LEO700_B30_H0_L1_S255",48,0.026087717235935826,0.01984809054216991,0.01947601748785625
"rwa","LEO700","RWA_LEO700_B30_H0_L1_S256",50,0.02949366349179159,0.023698891669511796,-0.02354268553853035
"rwa","LEO700","RWA_LEO700_B30_H0_L2_S257",25,0.0169778409612286,0.012388214528560638,0.011923830687999726
"rwa","LEO700","RWA_LEO700_B30_H0_L2_S258",49,0.018306274814534194,0.014945900687301646,-0.014222014554757245
"rwa","LEO700","RWA_LEO700_B30_H0_L2_S259",57,0.019374419274345585,0.01374348148768931,0.012092306925670097
"rwa","LEO700","RWA_LEO700_B30_H0_L2_S260",58,0.013177887637528236,0.010787223976362366,-0.010289966620119478
"rwa","LEO700","RWA_LEO700_B30_H0_L3_S261",7,0.002926926165194577,0.0026339659201247358,0.0026339659201247358
"rwa","LEO700","RWA_LEO700_B30_H0_L3_S262",6,0.0016465974272604068,0.001271882963677248,-0.0008601097390055662
"rwa","LEO700","RWA_LEO700_B30_H1_L1_S266",25,0.027584226784745952,0.026803887270390993,0.026803887270390993
"rwa","LEO700","RWA_LEO700_B30_H1_L1_S267",39,0.027609014720632347,0.024799123616554807,-0.0245901824381107
"rwa","LEO700","RWA_LEO700_B30_H1_L1_S268",53,0.006540610280708379,0.004614999651346566,0.0004155629507775579
"rwa","LEO700","RWA_LEO700_B30_H1_L2_S270",47,0.018554930899643586,0.015077653848268889,0.01200470011681318
"rwa","LEO700","RWA_LEO700_B30_H1_L2_S271",32,0.015352679497008104,0.013842079888854643,-0.012108823929156643
"rwa","LEO700","RWA_LEO700_B30_H1_L2_S272",21,0.031240507050429626,0.030438025402171272,0.030438025402171272
"rwa","LEO700","RWA_LEO700_B30_H1_L3_S273",6,0.011753061044274517,0.01067318581044674,-0.01067318581044674
"rwa","LEO700","RWA_LEO700_B30_H1_L3_S274",2,0.01807079393964709,0.017762114247307184,0.017762114247307184
"rwa","LEO700","RWA_LEO700_B30_H1_L3_S276",11,0.01344827315755115,0.012701930884610524,-0.012701930884610524
"rwa","LEO700","RWA_LEO700_B30_H2_L1_S278",24,0.04265685867197877,0.04236789097388586,0.04236789097388586
"rwa","LEO700","RWA_LEO700_B30_H2_L1_S279",11,0.015895425591095292,0.015411900525743314,0.015411900525743314
"rwa","LEO700","RWA_LEO700_B30_H2_L1_S280",22,0.006608415286744668,0.005111125263978136,0.0024420162662863736
"rwa","LEO700","RWA_LEO700_B30_H2_L2_S281",27,0.009873281223669183,0.008671639597526308,-0.005620017523566886
"rwa","LEO700","RWA_LEO700_B30_H2_L2_S282",14,0.007384014044849891,0.006857467974935259,-0.004537191561290195
"rwa","LEO700","RWA_LEO700_B30_H2_L2_S283",17,0.03624299422823255,0.036004765770014595,0.036004765770014595
"rwa","LEO700","RWA_LEO700_B30_H2_L2_S284",33,0.017389316220527085,0.015120649089415869,0.012738473961750669
"rwa","LEO700","RWA_LEO700_B30_H2_L3_S287",3,0.007321508912943989,0.0058634453763564435,0.005732080712914467
"rwa","LEO700","RWA_LEO700_B60_H0_L1_S289",51,0.02611852171674112,0.020790680121703476,-0.020608376737172696
"rwa","LEO700","RWA_LEO700_B60_H0_L1_S290",42,0.011186903543697104,0.009478046746135945,-0.008036821618311698
"rwa","LEO700","RWA_LEO700_B60_H0_L1_S292",66,0.005503333797826818,0.003567681162420543,-3.3259939289450535e-05
"rwa","LEO700","RWA_LEO700_B60_H0_L2_S293",59,0.023359103153267585,0.01618981668252056,0.015083091781806139
"rwa","LEO700","RWA_LEO700_B60_H0_L2_S294",56,0.014746381061025875,0.011546756110952369,-0.010813815043573935
"rwa","LEO700","RWA_LEO700_B60_H0_L2_S295",34,0.016276491023292962,0.014535351681029972,0.013594840173883474
"rwa","LEO700","RWA_LEO700_B60_H0_L2_S296",40,0.008060396220674077,0.006492079067975285,-0.0033410209231078654
"rwa","LEO700","RWA_LEO700_B60_H0_L3_S297",6,0.0007542005962473425,0.0005920899411042537,0.00011227056384086487
"rwa","LEO700","RWA_LEO700_B60_H0_L3_S298",11,0.020644264528199965,0.020110270211642443,0.020110270211642443
"rwa","LEO700","RWA_LEO700_B60_H1_L1_S301",51,0.013999734961069368,0.010828827165852428,0.008854184187857394
"rwa","LEO700","RWA_LEO700_B60_H1_L1_S302",24,0.018986807933886327,0.01787834522923125,0.01787834522923125
"rwa","LEO700","RWA_LEO700_B60_H1_L1_S303",43,0.026701202171470092,0.023648148584504463,-0.023286513862914818
"rwa","LEO700","RWA_LEO700_B60_H1_L1_S304",30,0.013226569997298342,0.011148888990283011,-0.009206231509645781
"rwa","LEO700","RWA_LEO700_B60_H1_L2_S305",22,0.017989658824743564,0.016923502578654076,0.016923502578654076
"rwa","LEO700","RWA_LEO700_B60_H1_L2_S306",46,0.012027636239545173,0.01016555757302305,0.005130034863300943
"rwa","LEO700","RWA_LEO700_B60_H1_L2_S307",39,0.018645397320297498,0.017287894854178802,-0.015822192415212977
"rwa","LEO700","RWA_LEO700_B60_H1_L2_S308",36,0.03290861260605467,0.028537922683689328,0.026184632629156112
"rwa","LEO700","RWA_LEO700_B60_H1_L3_S309",2,0.009763955136502194,0.00948234722018242,0.00948234722018242
"rwa","LEO700","RWA_LEO700_B60_H1_L3_S310",6,0.003692352673550489,0.0029251997669537855,-0.002828655888636906
"rwa","LEO700","RWA_LEO700_B60_H1_L3_S311",6,0.009014401364242468,0.008353777478138605,-0.008353777478138605
"rwa","LEO700","RWA_LEO700_B60_H2_L1_S313",22,0.014807488213732796,0.013264382715252316,-0.009742830812253736
"rwa","LEO700","RWA_LEO700_B60_H2_L1_S314",33,0.016103313772085227,0.014566873984806467,0.008536070969068643
"rwa","LEO700","RWA_LEO700_B60_H2_L1_S316",18,0.037005002389338224,0.036639561379949254,0.036639561379949254
"rwa","LEO700","RWA_LEO700_B60_H2_L2_S317",14,0.01606826136195134,0.014716197789779732,0.014716197789779732
"rwa","LEO700","RWA_LEO700_B60_H2_L2_S318",41,0.020779253352596956,0.01911004955721338,0.010643530178179103
"rwa","LEO700","RWA_LEO700_B60_H2_L2_S319",21,0.04135090571819266,0.04081821765395857,0.04081821765395857
"rwa","LEO700","RWA_LEO700_B60_H2_L2_S320",21,0.016034232972007942,0.014542332344821522,-0.01068123247297037
"rwa","LEO700","RWA_LEO700_B60_H2_L3_S321",6,0.010702703755158433,0.00949545573287954,-0.00949545573287954
