component,test_orbit,unit_id,n_windows,candidate_rmse,reference_rmse,delta_rmse,candidate_mae,reference_mae,delta_mae,candidate_bias,reference_bias
"bat","LEO500","BAT_LEO500_B00_H0_L1_S002",58,1.9939740713856826,1.9939678403395933,6.231046089322234e-06,1.4515237882733345,1.4515169864070827,6.801866251793243e-06,0.5133764818310738,0.5133690633650484
"bat","LEO500","BAT_LEO500_B00_H0_L1_S003",45,1.5999572270633107,1.599934855712005,2.237135130567225e-05,1.1194186750799417,1.1194103273252647,8.347754677062724e-06,0.2653623962153991,0.26533686245481175
"bat","LEO500","BAT_LEO500_B00_H0_L1_S004",3,0.9282606525655404,0.9282696608268238,-9.008261283471874e-06,0.7976347580552101,0.797643419355154,-8.66129994392395e-06,0.7976347580552101,0.797643419355154
"bat","LEO500","BAT_LEO500_B00_H0_L2_S005",12,0.6386874825099176,0.6386927112177337,-5.228707816162803e-06,0.5102639319375157,0.5102672148495913,-3.2829120755195618e-06,-0.3091265680268407,-0.3091257531195879
"bat","LEO500","BAT_LEO500_B00_H0_L2_S006",32,1.776885711138078,1.7768743516640584,1.1359474019645432e-05,1.3288729685882572,1.3288612732139882,1.1695374269038439e-05,0.7455979102815036,0.7455745500919875
"bat","LEO500","BAT_LEO500_B00_H0_L3_S009",32,2.5505063617910086,2.55049722708315,9.13470785857129e-06,1.6980051761493087,1.697993668494746,1.1507654562592506e-05,1.433915994130075,1.433899876428768
"bat","LEO500","BAT_LEO500_B00_H0_L3_S010",1,1.9052422572940486e-05,0.0,1.9052422572940486e-05,1.9052422572940486e-05,0.0,1.9052422572940486e-05,1.9052422572940486e-05,0.0
"bat","LEO500","BAT_LEO500_B00_H0_L3_S011",13,1.3166930998340811,1.3167068996919042,-1.3799857823126871e-05,1.0579359269915865,1.057949112370037,-1.3185378450630836e-05,-0.6818462073659668,-0.68185672772905
"bat","LEO500","BAT_LEO500_B00_H0_L3_S012",3,0.2548220657401052,0.2548275946072222,-5.5288671170217185e-06,0.24760088417679071,0.24760523810982704,-4.353933036327362e-06,-0.24760088417679071,-0.24760523810982704
"bat","LEO500","BAT_LEO500_B00_H1_L1_S013",42,1.7686213449605863,1.7686052281088218,1.6116851764502726e-05,1.2225934437343053,1.2225853279232979,8.115811007458618e-06,0.5406852279390607,0.5406633817723819
"bat","LEO500","BAT_LEO500_B00_H1_L1_S014",22,1.6552874449685564,1.6552991162004915,-1.1671231935128645e-05,1.1864252092147416,1.1864324163814837,-7.207166742073667e-06,0.43334247629073536,0.4333378598940643
"bat","LEO500","BAT_LEO500_B00_H1_L1_S015",21,1.6751288432746605,1.6751410232702373,-1.2179995576788727e-05,1.222075568512082,1.2220824736037426,-6.9050916604584955e-06,0.8647291189325708,0.8647355982767684
"bat","LEO500","BAT_LEO500_B00_H1_L1_S016",4,1.0873157995676797,1.0873188449052633,-3.045337583662544e-06,0.9864851832389832,0.9864860214293003,-8.381903171539307e-07,-0.2934979274868965,-0.29348982498049736
"bat","LEO500","BAT_LEO500_B00_H1_L2_S017",4,0.8243109167489021,0.8243152091907671,-4.292441864950369e-06,0.5912008724408224,0.5912045569857582,-3.684544935822487e-06,0.5912008724408224,0.5912045569857582
"bat","LEO500","BAT_LEO500_B00_H1_L2_S019",60,1.479770183532266,1.4797726899148327,-2.5063825666027384e-06,0.8362715970724821,0.8362700184807181,1.578591763973236e-06,-0.14044594950973988,-0.1404587784782052
"bat","LEO500","BAT_LEO500_B00_H1_L2_S020",30,1.4268343451325343,1.4268262940175154,8.051115018892219e-06,1.1682015843689442,1.1681945342570543,7.050111889839172e-06,0.7315673120319843,0.7315419334918261
"bat","LEO500","BAT_LEO500_B00_H1_L3_S021",3,0.7081179006344069,0.7081296861616536,-1.1785527246677141e-05,0.579636637121439,0.5796423181891441,-5.681067705154419e-06,0.5506598390638828,0.5506740882992744
"bat","LEO500","BAT_LEO500_B00_H1_L3_S023",37,1.8393862216453907,1.839383019903537,3.2017418536423037e-06,1.4227716705283604,1.422761461219272,1.0209309088349272e-05,-0.036378305506061866,-0.03640693989959923
"bat","LEO500","BAT_LEO500_B00_H1_L3_S024",3,0.6951544781572795,0.6951552059099048,-7.277526252735811e-07,0.6558652152307332,0.655863038264215,2.176966518163681e-06,0.6558652152307332,0.655863038264215
"bat","LEO500","BAT_LEO500_B00_H2_L2_S030",15,1.1225398580257528,1.1225543677194083,-1.4509693655462286e-05,0.6974826217629015,0.6974938558414578,-1.123407855629921e-05,0.3904170333407819,0.39041637908667326
"bat","LEO500","BAT_LEO500_B00_H2_L2_S031",1,0.05441518878797069,0.05439646920422092,1.8719583749771118e-05,0.05441518878797069,0.05439646920422092,1.8719583749771118e-05,0.05441518878797069,0.05439646920422092
"bat","LEO500","BAT_LEO500_B30_H0_L1_S038",18,1.2986712412415438,1.2986723358947967,-1.0946532529310105e-06,1.0024300465981166,1.0024256072938442,4.439304272407796e-06,-0.5562126015623411,-0.5561999045312405
"bat","LEO500","BAT_LEO500_B30_H0_L1_S039",8,0.4723393792305461,0.47234447064897955,-5.091418433467165e-06,0.4227593424730003,0.4227639874443412,-4.644971340894699e-06,0.2392840920947492,0.23928566370159388
"bat","LEO500","BAT_LEO500_B30_H0_L1_S040",8,0.41003080076232457,0.4100339458915242,-3.1451291996331676e-06,0.36319055361673236,0.36319411592558026,-3.5623088479042053e-06,-0.10338675929233432,-0.10338361607864499
"bat","LEO500","BAT_LEO500_B30_H0_L2_S041",5,0.3696110452938254,0.36961039813199686,6.471618285153191e-07,0.31408170238137245,0.3140818700194359,-1.6763806343078613e-07,0.0875638984143734,0.08756507188081741
"bat","LEO500","BAT_LEO500_B30_H0_L2_S042",33,2.236835072931249,2.2368374727813563,-2.399850107082102e-06,1.7417894887991927,1.7417870038612322,2.484937960511857e-06,1.2652351817285472,1.265233645046299
"bat","LEO500","BAT_LEO500_B30_H0_L2_S043",18,1.0703734315892899,1.0703845888924108,-1.1157303120956641e-05,0.8524239431911459,0.8524319680873305,-8.024896184566366e-06,0.27752547175623477,0.2775277845406284
"bat","LEO500","BAT_LEO500_B30_H0_L2_S044",44,2.3885749654024893,2.388580247995855,-5.282593365851795e-06,1.836582374843684,1.836587137288668,-4.762444983930081e-06,-1.7308386212045497,-1.7308413770727136
"bat","LEO500","BAT_LEO500_B30_H0_L3_S045",48,1.2397001036963355,1.239697527446021,2.5762503146342652e-06,0.8734034199733287,0.8734007074963301,2.712476998567581e-06,-0.2091387694235891,-0.20915582426823676
"bat","LEO500","BAT_LEO500_B30_H0_L3_S046",51,2.1655340696320575,2.1655431805737226,-9.110941665113614e-06,1.7124011126511238,1.712405582999482,-4.470348358154297e-06,-0.8630402057486422,-0.8630480069447967
"bat","LEO500","BAT_LEO500_B30_H0_L3_S047",7,0.6742038804749756,0.674202703521491,1.1769534845607055e-06,0.46279492921062876,0.4627934523991176,1.4768115111363223e-06,0.29309364035725594,0.2930963145835059
"bat","LEO500","BAT_LEO500_B30_H0_L3_S048",45,1.5011548212523818,1.5011443069915862,1.051426079556883e-05,1.152535689373811,1.1525259539484978,9.735425313239787e-06,-0.11404344191153844,-0.11406917124986649
"bat","LEO500","BAT_LEO500_B30_H1_L1_S049",28,2.6803703712669393,2.6803878829781334,-1.7511711194018176e-05,2.022579009644687,2.0225866930559278,-7.683411240577698e-06,0.539450257617448,0.5394652851724199
"bat","LEO500","BAT_LEO500_B30_H1_L1_S050",13,1.0625602861805443,1.0625689306968273,-8.644516283018433e-06,0.8513580613697951,0.8513655943366197,-7.532966824652654e-06,-0.14049936300860003,-0.14049664426308411
"bat","LEO500","BAT_LEO500_B30_H1_L1_S052",38,1.7565220427041957,1.7565301151179447,-8.072413749005136e-06,1.3127921737338368,1.3127988277885474,-6.654054710564239e-06,-1.0653510983837278,-1.0653609728538675
"bat","LEO500","BAT_LEO500_B30_H1_L2_S053",8,0.8206607683692768,0.82066458370875,-3.815339473134394e-06,0.6953149801120162,0.6953183328732848,-3.3527612686157227e-06,0.6879422580823302,0.6879461696371436
"bat","LEO500","BAT_LEO500_B30_H1_L2_S054",6,0.38862728174322836,0.38862402543663055,3.2563065978097328e-06,0.29565831646323204,0.29565421864390373,4.0978193283081055e-06,-0.27442192658782005,-0.2744200639426708
"bat","LEO500","BAT_LEO500_B30_H1_L2_S055",25,2.223280151839447,2.223284539329071,-4.387489624058105e-06,1.4375919587910175,1.437593825161457,-1.866370439529419e-06,1.1171232350170612,1.1171281412243843
"bat","LEO500","BAT_LEO500_B30_H1_L3_S057",4,0.9845458436908755,0.984549551419248,-3.7077283725484023e-06,0.6442059762775898,0.644210516475141,-4.540197551250458e-06,0.6336836144328117,0.6336855003610253
"bat","LEO500","BAT_LEO500_B30_H1_L3_S058",1,1.2644385918974876,1.264442503452301,-3.91155481338501e-06,1.2644385918974876,1.264442503452301,-3.91155481338501e-06,1.2644385918974876,1.264442503452301
"bat","LEO500","BAT_LEO500_B30_H1_L3_S059",18,1.029970559637424,1.029972918420871,-2.3587834470095714e-06,0.8660234821339449,0.8660263071457545,-2.8250118095929366e-06,0.275944701085488,0.275935356815656
"bat","LEO500","BAT_LEO500_B30_H1_L3_S060",20,1.730846268437747,1.7308547533807366,-8.484942989550603e-06,1.3310832995921373,1.3310909690335393,-7.669441401958466e-06,0.5745504889637232,0.5745515646412969
"bat","LEO500","BAT_LEO500_B30_H2_L1_S062",4,0.5366825003833953,0.5366831005922541,-6.002088588363819e-07,0.3619444433494934,0.3619407769292593,3.6664202340830343e-06,0.15418667978490674,0.15418273396790028
"bat","LEO500","BAT_LEO500_B30_H2_L1_S063",21,1.6376303003134443,1.637644706718637,-1.4406405192790572e-05,1.2657997531018086,1.265814040587949,-1.4287486140407424e-05,-0.08778909354337625,-0.08778230653011374
"bat","LEO500","BAT_LEO500_B30_H2_L1_S064",5,0.12758199701940826,0.12758008076586494,1.9162535433159267e-06,0.1160982996225357,0.11609533801674843,2.9616057872772217e-06,0.06601788103580475,0.06602084264159203
"bat","LEO500","BAT_LEO500_B30_H2_L2_S065",2,0.6678231643948246,0.6678255107862653,-2.346391440699591e-06,0.6510703358799219,0.6510727107524872,-2.3748725652694702e-06,0.6510703358799219,0.6510727107524872
"bat","LEO500","BAT_LEO500_B30_H2_L2_S068",1,1.13888718187809,1.1388905346393585,-3.3527612686157227e-06,1.13888718187809,1.1388905346393585,-3.3527612686157227e-06,1.13888718187809,1.1388905346393585
"bat","LEO500","BAT_LEO500_B30_H2_L3_S069",12,0.870910147056989,0.8709216047278155,-1.1457670826553468e-05,0.6176328577566892,0.6176397844683379,-6.9267116487026215e-06,-0.2393887669313699,-0.2393981150817126
"bat","LEO500","BAT_LEO500_B30_H2_L3_S070",1,0.9489756077528,0.948982872068882,-7.264316082000732e-06,0.9489756077528,0.948982872068882,-7.264316082000732e-06,0.9489756077528,0.948982872068882
"bat","LEO500","BAT_LEO500_B60_H0_L1_S073",6,0.7329124313181159,0.7329184716420237,-6.0403239078299364e-06,0.6805529352277517,0.6805609446018934,-8.009374141693115e-06,0.32316274009644985,0.32317074947059155
"bat","LEO500","BAT_LEO500_B60_H0_L1_S075",57,4.9806138256317345,4.9806355848467145,-2.175921498004385e-05,3.707034052594712,3.707056752357044,-2.2699762332045736e-05,-2.8698765623726343,-2.8698811552634367
"bat","LEO500","BAT_LEO500_B60_H0_L1_S076",26,1.3695592520053903,1.3695683100152212,-9.058009830864577e-06,0.899485144047783,0.8994907749673495,-5.630919566512738e-06,-0.04749933186058815,-0.04750238373302496
"bat","LEO500","BAT_LEO500_B60_H0_L2_S078",46,1.0756960774925257,1.075703314671315,-7.237178789365473e-06,0.7586460924990799,0.7586504717397949,-4.379240715057797e-06,-0.569476231770671,-0.5694832227638235
"bat","LEO500","BAT_LEO500_B60_H0_L2_S079",45,0.855089701883336,0.8550802243892295,9.47749410651344e-06,0.568527008096377,0.5685179680585861,9.040037790897237e-06,0.1158654938141505,0.11586459974447887
"bat","LEO500","BAT_LEO500_B60_H0_L2_S080",4,0.5465049371625176,0.5464995091790823,5.427983435279948e-06,0.5193739081732929,0.5193667486310005,7.159542292356491e-06,-0.06698212819173932,-0.06697196513414383
"bat","LEO500","BAT_LEO500_B60_H0_L3_S082",16,1.289636734597467,1.2896436581848443,-6.923587377194451e-06,0.8290247758850455,0.8290241908980533,5.849869921803474e-07,-0.22650326136499643,-0.22651739709544927
"bat","LEO500","BAT_LEO500_B60_H0_L3_S083",41,2.4125271376211477,2.412544685000072,-1.754737892412095e-05,2.059068553513143,2.0590857261928117,-1.7172679668497892e-05,-1.875722476440232,-1.875738177175929
"bat","LEO500","BAT_LEO500_B60_H0_L3_S084",11,0.682597695080643,0.6825963850131918,1.310067451298913e-06,0.5161928362213075,0.5161879086782309,4.927543076571617e-06,0.03134650495749983,0.03133741186254404
"bat","LEO500","BAT_LEO500_B60_H1_L1_S086",5,1.7632695422904965,1.763272019750712,-2.477460215422056e-06,1.1492293328046799,1.1492283269762993,1.0058283805847168e-06,-0.9556151926517487,-0.955604799091816
"bat","LEO500","BAT_LEO500_B60_H1_L1_S088",32,2.078404296630079,2.078410767811755,-6.471181675848925e-06,1.536258717533201,1.536261197179556,-2.4796463549137115e-06,0.09740333771333098,0.09740148670971394
"bat","LEO500","BAT_LEO500_B60_H1_L2_S092",13,1.8813131911805372,1.8813198778662463,-6.68668570913411e-06,1.3754679570690944,1.3754679785611539,-2.1492059465444413e-08,0.02487193291577009,0.024860391679864664
"bat","LEO500","BAT_LEO500_B60_H1_L3_S093",21,1.956833008354258,1.9568353707343284,-2.362380070453085e-06,1.6479193099907465,1.6479185383234705,7.716672760782473e-07,1.3717672654560633,1.3717612783823694
"bat","LEO500","BAT_LEO500_B60_H1_L3_S094",22,2.5010954322976424,2.501103012626414,-7.580328771794598e-06,2.1753802599216048,2.175384393723851,-4.1338022462866775e-06,2.1354120944372634,2.1354154154488985
"bat","LEO500","BAT_LEO500_B60_H1_L3_S095",43,1.1172965621018602,1.1173107414345427,-1.4179332682440204e-05,0.8779988797424838,0.8780102083069641,-1.1328564480272973e-05,-0.7427113109030002,-0.7427344715959111
"bat","LEO500","BAT_LEO500_B60_H1_L3_S096",12,1.5966143620944466,1.5966165580010587,-2.1959066121013393e-06,1.2981340405531228,1.2981336389202625,4.016328603029251e-07,0.6998604978434741,0.6998518656473607
"bat","LEO500","BAT_LEO500_B60_H2_L1_S097",13,2.114002015551763,2.114012588213735,-1.057266197168616e-05,1.270182581188587,1.2701947027100966,-1.212152150964485e-05,-0.9366223803506448,-0.9366379406016606
"bat","LEO500","BAT_LEO500_B60_H2_L1_S098",10,0.8364022488715475,0.8363985118381257,3.737033421713498e-06,0.6952247489243746,0.6952217034995556,3.0454248189926147e-06,0.4599717166274786,0.45997051522135735
"bat","LEO500","BAT_LEO500_B60_H2_L2_S101",7,0.966843574003151,0.9668512156160902,-7.64161293920207e-06,0.8475336121461753,0.8475374314002693,-3.8192540939840924e-06,0.3452791175472417,0.34528549128611175
"bat","LEO500","BAT_LEO500_B60_H2_L2_S103",7,1.4431954177675,1.4432030922545882,-7.674487088271675e-06,1.1251949239522219,1.125201619496303,-6.695544081170013e-06,-0.15024272059755667,-0.1502392181594457
"bat","LEO500","BAT_LEO500_B60_H2_L2_S104",7,1.372338637894618,1.3723490142481352,-1.0376353517083103e-05,1.2424764888627189,1.2424860681806291,-9.579317910235474e-06,0.42907425335475374,0.4290800009455
"bat","LEO550","BAT_LEO550_B00_H0_L1_S110",6,0.33040747955252975,0.33040471829065127,2.761261878481136e-06,0.308651415980421,0.308649311773479,2.1042069420218468e-06,0.06071360257919878,0.06072788964956999
"bat","LEO550","BAT_LEO550_B00_H0_L1_S111",27,2.745998131911133,2.746030686420724,-3.2554509591165015e-05,2.21606172207329,2.2160797483391232,-1.8026265833359645e-05,0.2971706498000357,0.29714927077293396
"bat","LEO550","BAT_LEO550_B00_H0_L1_S112",16,0.9721849495377364,0.9721858214817893,-8.719440529603162e-07,0.8663352811709046,0.8663349493872374,3.317836672067642e-07,0.3263708436861634,0.326356542063877
"bat","LEO550","BAT_LEO550_B00_H0_L2_S113",23,1.2839490703255656,1.283967569487104,-1.8499161538398923e-05,0.9711777764175128,0.9711946662560955,-1.6889838582723193e-05,-0.6584364057230034,-0.65845357799528
"bat","LEO550","BAT_LEO550_B00_H0_L2_S114",30,1.4631377173663325,1.463126713170192,1.1004196140529388e-05,1.106585725210607,1.106569110415876,1.6614794731140137e-05,0.8649137848988175,0.8648858824744821
"bat","LEO550","BAT_LEO550_B00_H0_L2_S115",21,1.1953017598552342,1.1953113730782072,-9.61322297299283e-06,0.9671792886885149,0.967183499597013,-4.210908498114563e-06,0.5532880413479039,0.5532840566177454
"bat","LEO550","BAT_LEO550_B00_H0_L2_S116",60,1.3383871581898004,1.338380477801456,6.6803883442823064e-06,0.7212633639574051,0.7212469913065434,1.6372650861740112e-05,-0.025824233889579773,-0.025836434215307236
"bat","LEO550","BAT_LEO550_B00_H0_L3_S117",14,0.9047124233161737,0.9047172160952498,-4.79277907605713e-06,0.6859745165067059,0.6859812020723309,-6.685565624997558e-06,0.45893845547522816,0.45893540206764427
"bat","LEO550","BAT_LEO550_B00_H0_L3_S118",37,1.4855491860314318,1.4855653920118657,-1.6205980433836586e-05,1.09350692380119,1.0935217242788624,-1.4800477672327617e-05,-0.5192526792352264,-0.5192823406006839
"bat","LEO550","BAT_LEO550_B00_H0_L3_S119",21,0.994023135755301,0.9940207481086366,2.3876466643812932e-06,0.740305267806564,0.7403048021452767,4.6566128730773926e-07,0.5383719690144062,0.5383617111614772
"bat","LEO550","BAT_LEO550_B00_H0_L3_S120",38,1.5339618100877233,1.5339756291500521,-1.3819062328890297e-05,1.1092055466418203,1.1092210163999545,-1.5469758134267764e-05,-0.6251508590618247,-0.6251793575326079
"bat","LEO550","BAT_LEO550_B00_H1_L1_S121",17,1.1526636129583692,1.1526742279664588,-1.0615008089631672e-05,0.9979260373203194,0.9979385362171075,-1.2498896788115665e-05,-0.3824981751249117,-0.38251488140838985
"bat","LEO550","BAT_LEO550_B00_H1_L1_S122",3,1.082163791730465,1.0821733959380233,-9.604207558355782e-06,1.0168617591261864,1.0168692097067833,-7.450580596923828e-06,1.0168617591261864,1.0168692097067833
"bat","LEO550","BAT_LEO550_B00_H1_L1_S124",18,1.5869788200137043,1.5869847815918872,-5.961578182889227e-06,1.2191191005210082,1.2191245487580697,-5.448237061500549e-06,-0.23237097387512526,-0.2323828482379516
"bat","LEO550","BAT_LEO550_B00_H1_L2_S125",2,0.6957423896519073,0.6957481639793213,-5.774327413998748e-06,0.5939415976172313,0.5939405848039314,1.0128132998943329e-06,0.5939415976172313,0.5939405848039314
"bat","LEO550","BAT_LEO550_B00_H1_L2_S126",3,0.7118256599849754,0.7118293712070825,-3.7112221070723095e-06,0.6743651814758778,0.6743657519109547,-5.704350769519806e-07,0.6743651814758778,0.6743657519109547
"bat","LEO550","BAT_LEO550_B00_H1_L2_S127",22,1.0870072170562584,1.0870257389543054,-1.8521898047074714e-05,0.8966369469734755,0.8966538885777647,-1.6941604289222312e-05,-0.4918273961679502,-0.49184352498162875
"bat","LEO550","BAT_LEO550_B00_H1_L3_S130",38,1.6655373751986562,1.6655489317242427,-1.1556525586486899e-05,1.1728140819621713,1.172824412290203,-1.033032803166023e-05,-0.40553993006285866,-0.40556642128840875
"bat","LEO550","BAT_LEO550_B00_H1_L3_S131",3,0.9455671859914528,0.945570293594536,-3.107603083196686e-06,0.8947086171247065,0.8947085123509169,1.0477378964424133e-07,0.8947086171247065,0.8947085123509169
"bat","LEO550","BAT_LEO550_B00_H1_L3_S132",5,0.5362578133926321,0.536245047640633,1.2765751999155306e-05,0.4983364976942539,0.4983242601156235,1.2237578630447388e-05,-0.357856135815382,-0.35783998668193817
"bat","LEO550","BAT_LEO550_B00_H2_L1_S134",18,1.2379897019380521,1.2379957652899485,-6.063351896345992e-06,0.9959000318000714,0.9959038036564986,-3.771856427192688e-06,0.004470146571596463,0.004458955178658168
"bat","LEO550","BAT_LEO550_B00_H2_L1_S135",16,1.0728818540115597,1.0728874896902414,-5.635678681725764e-06,0.8294561906950548,0.8294602332171053,-4.0425220504403114e-06,0.09846198081504554,0.09845472523011267
"bat","LEO550","BAT_LEO550_B00_H2_L2_S138",19,1.038288184963726,1.0382927591376523,-4.57417392629722e-06,0.8632617585949207,0.86326589807868,-4.1394837593244915e-06,-0.23967570527211615,-0.23968591795940147
"bat","LEO550","BAT_LEO550_B00_H2_L3_S143",12,0.7805924654173366,0.7806006359024883,-8.170485151670626e-06,0.538410316221416,0.538412295281887,-1.979060471057892e-06,0.0009965850040316582,0.0010019168257713318
"bat","LEO550","BAT_LEO550_B00_H2_L3_S144",3,1.0446984755045983,1.0447068929505365,-8.417445938269097e-06,0.9219122119247913,0.9219202678650618,-8.05594027042389e-06,0.9219122119247913,0.9219202678650618
"bat","LEO550","BAT_LEO550_B30_H0_L1_S145",6,1.3178967508638861,1.3179051360550154,-8.385191129223202e-06,0.9399177273735404,0.9399287402629852,-1.1012889444828033e-05,0.7419349392876029,0.741947814822197
"bat","LEO550","BAT_LEO550_B30_H0_L1_S146",10,1.2305391795116998,1.2305413231086804,-2.143596980586082e-06,0.9587422572076321,0.9587459452450275,-3.688037395477295e-06,0.6200685538351536,0.620072465389967
"bat","LEO550","BAT_LEO550_B30_H0_L1_S147",11,1.6012716911872065,1.6012808555045268,-9.164317320342619e-06,1.324747172607617,1.3247567990964109,-9.626488793879062e-06,1.1008509942753748,1.1008549312298948
"bat","LEO550","BAT_LEO550_B30_H0_L2_S149",11,1.443200914730172,1.4432095395250104,-8.624794838318905e-06,1.207226413217458,1.2072340585291386,-7.645311680626321e-06,0.2600839530879801,0.26008565486832097
"bat","LEO550","BAT_LEO550_B30_H0_L2_S150",6,1.5611932616515007,1.5611992858066264,-6.024155125627928e-06,1.1898459866642952,1.189856417477131,-1.043081283569336e-05,1.1898459866642952,1.189856417477131
"bat","LEO550","BAT_LEO550_B30_H0_L2_S151",18,0.8342656040816937,0.8342704237403681,-4.819658674382055e-06,0.6878230720758438,0.6878264481201768,-3.3760443329811096e-06,-0.030831371744473774,-0.03083966827640931
"bat","LEO550","BAT_LEO550_B30_H0_L3_S153",66,2.001304769081907,2.001314758771356,-9.989689448985928e-06,1.2406608830629424,1.2406665725972166,-5.689534274155861e-06,-0.8171074198220264,-0.8171251657503572
"bat","LEO550","BAT_LEO550_B30_H0_L3_S154",65,1.9399356330603714,1.9399503073597786,-1.4674299407158031e-05,1.1858171267578235,1.1858279888446515,-1.0862086827989614e-05,-1.0349654105420296,-1.0349801583931997
"bat","LEO550","BAT_LEO550_B30_H0_L3_S156",11,1.7021206170716028,1.7021272212664011,-6.6041947983652705e-06,1.3883672654628754,1.3883752409707417,-7.975507866353482e-06,1.1293272403153507,1.129329932684248
"bat","LEO550","BAT_LEO550_B30_H1_L1_S157",2,1.140606590625512,1.1406059698907058,6.207348062226004e-07,1.0246144607663155,1.0246109683066607,3.4924596548080444e-06,1.0246144607663155,1.0246109683066607
"bat","LEO550","BAT_LEO550_B30_H1_L1_S158",9,1.6344739723856672,1.6344788513369861,-4.878951318953995e-06,1.0568241976822417,1.0568301969518263,-5.999269584666678e-06,1.0568241976822417,1.0568301969518263
"bat","LEO550","BAT_LEO550_B30_H1_L1_S159",18,0.9795055515733304,0.9795153732823826,-9.821709052171279e-06,0.8460121074070533,0.8460229417930046,-1.0834385951286052e-05,-0.5533284662912289,-0.5533412874986728
"bat","LEO550","BAT_LEO550_B30_H1_L1_S160",6,0.644712853093333,0.6447094868240761,3.3662692568992014e-06,0.5204348359256983,0.5204254761338234,9.359791874885559e-06,0.06829961203038692,0.06831344217061996
"bat","LEO550","BAT_LEO550_B30_H1_L2_S161",8,1.0360849386541586,1.036088749740188,-3.8110860294260362e-06,0.6138509488664567,0.6138505646958947,3.841705620288849e-07,0.17097681993618608,0.17098726239055395
"bat","LEO550","BAT_LEO550_B30_H1_L2_S162",12,2.0050444781317083,2.0050556029355087,-1.1124803800388605e-05,1.448210421949625,1.4482172206044197,-6.798654794692993e-06,1.438738126307726,1.4387458562850952
"bat","LEO550","BAT_LEO550_B30_H1_L2_S163",3,1.3204311047115556,1.3204304277793708,6.769321847510668e-07,1.243613287806511,1.2436125427484512,7.450580596923828e-07,1.243613287806511,1.2436125427484512
"bat","LEO550","BAT_LEO550_B30_H1_L2_S164",17,1.200882742090599,1.2008955966354609,-1.285454486188442e-05,0.9477435090743443,0.9477577254395274,-1.4216365183061797e-05,-0.6227639092899421,-0.6227783886167932
"bat","LEO550","BAT_LEO550_B30_H1_L3_S165",11,1.7896515348939177,1.789660929229744,-9.394335826362621e-06,1.1911079943688079,1.191113880750808,-5.886382000053203e-06,0.6255854958329689,0.625589769333601
"bat","LEO550","BAT_LEO550_B30_H1_L3_S167",46,1.239987329089165,1.239975969219884,1.1359869281024615e-05,0.8305914659538994,0.830576512152734,1.495380116545153e-05,0.263671119413946,0.26365218117185263
"bat","LEO550","BAT_LEO550_B30_H2_L1_S172",7,1.3486933227749738,1.3487041280677219,-1.0805292748106154e-05,0.9259928882654224,0.9259996137448719,-6.725479449576355e-06,0.8924381341785192,0.8924515651805061
"bat","LEO550","BAT_LEO550_B60_H0_L1_S181",28,4.06798810142954,4.068015739585004,-2.7638155463804992e-05,2.807455273744251,2.8074612707964013,-5.997052150430449e-06,-0.6745616472991449,-0.674590774412666
"bat","LEO550","BAT_LEO550_B60_H0_L1_S182",8,1.7213396789717323,1.721334453849134,5.225122598373488e-06,1.4345305011374876,1.4345254108775407,5.090259946882725e-06,-1.4345305011374876,-1.4345254108775407
"bat","LEO550","BAT_LEO550_B60_H0_L1_S183",6,1.5578463562889457,1.5578381174809215,8.238808024252364e-06,1.202125335112214,1.2021162081509829,9.12696123123169e-06,-0.8360290434211493,-0.836012838408351
"bat","LEO550","BAT_LEO550_B60_H0_L1_S184",1,0.6425872212275863,0.6425719242542982,1.5296973288059235e-05,0.6425872212275863,0.6425719242542982,1.5296973288059235e-05,0.6425872212275863,0.6425719242542982
"bat","LEO550","BAT_LEO550_B60_H0_L2_S185",45,1.0578271266414747,1.0578467410020578,-1.961436058306454e-05,0.7135860621929169,0.7135996657113234,-1.3603518406513082e-05,-0.6178083519140879,-0.6178341371317705
"bat","LEO550","BAT_LEO550_B60_H0_L2_S188",41,1.1341840093351905,1.1341997832507347,-1.5773915544192718e-05,0.7466540535593905,0.7466584762058607,-4.422646470159108e-06,-0.2732390242560608,-0.2732592703002255
"bat","LEO550","BAT_LEO550_B60_H0_L3_S189",15,1.7656192015364411,1.7656178326605576,1.3688758835339598e-06,1.2916302122175694,1.2916240794584155,6.132759153842926e-06,-0.5353233776986599,-0.5353315221145749
"bat","LEO550","BAT_LEO550_B60_H0_L3_S190",1,0.057262224436271936,0.05724635120714083,1.5873229131102562e-05,0.057262224436271936,0.05724635120714083,1.5873229131102562e-05,0.057262224436271936,0.05724635120714083
"bat","LEO550","BAT_LEO550_B60_H0_L3_S191",25,2.4254923935782466,2.4254983091076805,-5.915529433853095e-06,1.9271884560585022,1.9271845668554306,3.889203071594238e-06,0.5746309161186218,0.5746073573827744
"bat","LEO550","BAT_LEO550_B60_H1_L1_S193",11,1.3277884997822784,1.3277826071188046,5.892663473838766e-06,1.0822396259754896,1.082235879518769,3.7464567206324517e-06,-0.6713301070373167,-0.6713241000067104
"bat","LEO550","BAT_LEO550_B60_H1_L1_S194",25,2.5719988404195178,2.572008397317855,-9.556898337148567e-06,1.9734777510166168,1.9734785109758377,-7.599592208862305e-07,0.5446489155292511,0.5446360856294632
"bat","LEO550","BAT_LEO550_B60_H1_L1_S195",26,2.6491598398822576,2.649183742587202,-2.3902704944234188e-05,1.9555167080118105,1.95552113537605,-4.427364239445453e-06,-0.2617262160548797,-0.2617613340799625
"bat","LEO550","BAT_LEO550_B60_H1_L1_S196",26,2.405394522774847,2.405414441899359,-1.9919124511602604e-05,1.7588095058901951,1.7588124932864537,-2.987396258591346e-06,-0.4720703877795201,-0.4721007560594724
"bat","LEO550","BAT_LEO550_B60_H1_L2_S197",1,0.26570105692371726,0.2656876458786428,1.341104507446289e-05,0.26570105692371726,0.2656876458786428,1.341104507446289e-05,0.26570105692371726,0.2656876458786428
"bat","LEO550","BAT_LEO550_B60_H1_L2_S199",19,2.6101138245400604,2.6101204669427216,-6.642402661238833e-06,1.9786245777810876,1.9786274893895577,-2.9116084701019673e-06,-0.7873606475952425,-0.7873650297130409
"bat","LEO550","BAT_LEO550_B60_H1_L3_S201",22,1.2558469815142919,1.25584639096426,5.905500317648915e-07,1.037336653098464,1.0373324875465848,4.165551879209417e-06,-0.43407871218567545,-0.43409202163192356
"bat","LEO550","BAT_LEO550_B60_H1_L3_S202",32,3.1912216397248203,3.1912351946216475,-1.3554896827194796e-05,2.0455286343349144,2.0455455989576876,-1.6964622773230076e-05,-1.3453524123178795,-1.3453963561914861
"bat","LEO550","BAT_LEO550_B60_H1_L3_S204",8,3.035862500503699,3.03586665184149,-4.1513377908586335e-06,2.3040899337502196,2.3040870742988773,2.8594513423740864e-06,-2.3040899337502196,-2.3040870742988773
"bat","LEO550","BAT_LEO550_B60_H2_L1_S207",7,2.043364973690157,2.0433632785305464,1.69515961045974e-06,1.6771165766320857,1.677110735493313,5.841138772666454e-06,-1.6771165766320857,-1.677110735493313
"bat","LEO550","BAT_LEO550_B60_H2_L2_S211",2,0.12353992082889727,0.12353794475929747,1.976069599798902e-06,0.08736325526470523,0.08735451847314835,8.736791556884782e-06,-0.08734857564931531,-0.08735451847314835
"bat","LEO550","BAT_LEO550_B60_H2_L2_S212",4,1.388084834435877,1.3880790351663304,5.799269546580277e-06,1.0857209796085954,1.0857128421775997,8.137430995702744e-06,-1.0313859907910228,-1.031378482002765
"bat","LEO550","BAT_LEO550_B60_H2_L3_S214",3,0.9550917101338322,0.9550886307926867,3.0793411455176667e-06,0.6550115533173084,0.6550174206495285,-5.867332220077515e-06,-0.431696604937315,-0.43168626725673676
"bat","LEO550","BAT_LEO550_B60_H2_L3_S216",7,2.001262340536068,2.0012527955800605,9.54495600735683e-06,1.5890251878382904,1.5890147603516067,1.0427486683672882e-05,-1.5890251878382904,-1.5890147603516067
"bat","LEO700","BAT_LEO700_B00_H0_L1_S218",15,1.3055508371042728,1.3055595202775077,-8.683173234880215e-06,1.0364087857306004,1.0364173725247383,-8.586794137954712e-06,-0.5600261129438877,-0.560031421482563
"bat","LEO700","BAT_LEO700_B00_H0_L1_S219",3,0.8320902908625675,0.8320960054315094,-5.714568941939113e-06,0.7506809430196881,0.7506898604333401,-8.917413651943207e-06,0.5883809877559543,0.5883787758648396
"bat","LEO700","BAT_LEO700_B00_H0_L2_S221",48,1.287542843872287,1.2875538693995052,-1.1025527218322395e-05,0.7948279875563458,0.7948364858748391,-8.498318493366241e-06,-0.4202265728963539,-0.420250857132487
"bat","LEO700","BAT_LEO700_B00_H0_L2_S222",8,1.1225456172720565,1.1225483220239036,-2.704751847160125e-06,0.915119459386915,0.9151145699433982,4.889443516731262e-06,-0.8575340383686125,-0.8575287298299372
"bat","LEO700","BAT_LEO700_B00_H0_L2_S223",6,0.5298007219568578,0.5298151191708151,-1.4397213957351163e-05,0.35959036322310567,0.3596063703298569,-1.6007106751203537e-05,0.2809658762998879,0.28097890317440033
"bat","LEO700","BAT_LEO700_B00_H0_L2_S224",2,1.0362227526857937,1.0362238009155145,-1.0482297208014302e-06,1.0279290843755007,1.0279296431690454,-5.587935447692871e-07,1.0279290843755007,1.0279296431690454
"bat","LEO700","BAT_LEO700_B00_H0_L3_S225",48,1.1929711786884283,1.192976611435938,-5.432747509637181e-06,0.6836321030277759,0.6836378946900368,-5.791662260890007e-06,-0.525018252665177,-0.5250215530395508
"bat","LEO700","BAT_LEO700_B00_H0_L3_S227",33,2.2949054667828306,2.2949179911770456,-1.252439421506324e-05,1.4995856210589409,1.4995993284339255,-1.3707374984628373e-05,0.08416075936772606,0.08415550162846391
"bat","LEO700","BAT_LEO700_B00_H0_L3_S228",11,0.9362734053827674,0.9362782810442866,-4.875661519188057e-06,0.7106960073790767,0.7106962994757023,-2.920966256647617e-07,0.30312134291638027,0.3031332172792066
"bat","LEO700","BAT_LEO700_B00_H1_L1_S229",1,0.4229326732456684,0.4229346290230751,-1.955777406692505e-06,0.4229326732456684,0.4229346290230751,-1.955777406692505e-06,0.4229326732456684,0.4229346290230751
"bat","LEO700","BAT_LEO700_B00_H1_L1_S230",33,1.7160085895943782,1.7160291017974103,-2.0512203032119203e-05,1.3868183320896192,1.386839354580099,-2.1022490479749578e-05,-0.7230293090370569,-0.723054666410793
"bat","LEO700","BAT_LEO700_B00_H1_L1_S231",23,1.3562939758741446,1.3563109045360786,-1.692866193403475e-05,1.2232524099881235,1.2232689490622801,-1.6539074156662892e-05,-0.7111191952034183,-0.7111345680997424
"bat","LEO700","BAT_LEO700_B00_H1_L1_S232",10,0.991797017435831,0.9918016632846964,-4.64584886539221e-06,0.8161510247737169,0.8161540736909956,-3.048917278647423e-06,0.2536162454634905,0.253621976589784
"bat","LEO700","BAT_LEO700_B00_H1_L2_S233",7,0.5589293176354582,0.558927822589315,1.4950461432183815e-06,0.434615569455283,0.43461660721472334,-1.0377594403254697e-06,0.2236033124583108,0.22361456815685546
"bat","LEO700","BAT_LEO700_B00_H1_L2_S234",3,0.48104126452750323,0.4810479643650809,-6.699837577672785e-06,0.45927115716040134,0.4592782352119684,-7.078051567077637e-06,0.018228357657790184,0.018230965360999107
"bat","LEO700","BAT_LEO700_B00_H1_L2_S235",8,0.6288771509696506,0.6288778781861045,-7.27216453944024e-07,0.42666313966037706,0.42666100489441305,2.134765964001417e-06,0.19204654527129605,0.19206061551813036
"bat","LEO700","BAT_LEO700_B00_H1_L2_S236",15,0.934510901408228,0.9345151204550253,-4.219046797260262e-06,0.7836997881531715,0.7837020419538021,-2.253800630569458e-06,-0.19773181527853012,-0.19772948697209358
"bat","LEO700","BAT_LEO700_B00_H1_L3_S238",14,0.8002737082253119,0.8002751545694228,-1.4463441109224817e-06,0.6628550772022989,0.6628530615541551,2.0156481437272333e-06,-0.07499571656808257,-0.07499230393607702
"bat","LEO700","BAT_LEO700_B00_H1_L3_S239",44,1.5601756213390272,1.5601809174167638,-5.296077736582916e-06,1.1889560391533782,1.188956077252938,-3.80995597293321e-08,0.7470850652845745,0.7470853065817871
"bat","LEO700","BAT_LEO700_B00_H1_L3_S240",9,1.1053026147669531,1.1053017275307755,8.872361776379734e-07,0.8686520159244537,0.8686495789637169,2.4369607368734947e-06,-0.26718216637770337,-0.26717367582023144
"bat","LEO700","BAT_LEO700_B00_H2_L1_S243",6,0.48830781685707353,0.4883053215273429,2.4953297306229416e-06,0.42083191219717264,0.42082611471414566,5.797483026981354e-06,-0.09977223817259073,-0.0997612252831459
"bat","LEO700","BAT_LEO700_B00_H2_L2_S245",1,0.7507670670747757,0.7507684640586376,-1.3969838619232178e-06,0.7507670670747757,0.7507684640586376,-1.3969838619232178e-06,0.7507670670747757,0.7507684640586376
"bat","LEO700","BAT_LEO700_B00_H2_L2_S247",6,0.4646916986003891,0.46469284897218366,-1.1503717945449132e-06,0.3348958445712924,0.334889255464077,6.5891072154045105e-06,0.06852627266198397,0.0685395672917366
"bat","LEO700","BAT_LEO700_B00_H2_L3_S250",11,0.9040376232495442,0.904029812550318,7.810699226173945e-06,0.7775871379470284,0.7775798069567166,7.330990311804619e-06,-0.6288697985424236,-0.628861178517003
"bat","LEO700","BAT_LEO700_B30_H0_L1_S253",62,1.362837570507058,1.3628471144614407,-9.54395438279576e-06,0.654796123384468,0.6548045368324364,-8.413447968425025e-06,-0.5552767956208798,-0.5552898236219922
"bat","LEO700","BAT_LEO700_B30_H0_L1_S255",3,0.2066503147102346,0.20664841068420356,1.904026031035455e-06,0.1343639312835876,0.13435851797112264,5.413312464952469e-06,0.12449191199266352,0.12448202833184041
"bat","LEO700","BAT_LEO700_B30_H0_L1_S256",1,0.9573847128194757,0.9574103998602368,-2.5687040761113167e-05,0.9573847128194757,0.9574103998602368,-2.5687040761113167e-05,-0.9573847128194757,-0.9574103998602368
"bat","LEO700","BAT_LEO700_B30_H0_L2_S257",44,1.6243539869084085,1.624369270317314,-1.528340890555313e-05,1.2037304039536552,1.203738268337805,-7.864384149902648e-06,-0.9805600476366553,-0.9805841678330167
"bat","LEO700","BAT_LEO700_B30_H0_L2_S259",9,1.06938365150818,1.069388038909677,-4.387401496996901e-06,0.8385409911473592,0.8385443749527136,-3.3838053543622237e-06,0.6384166578451792,0.6384227735300859
"bat","LEO700","BAT_LEO700_B30_H0_L2_S260",13,1.213933495484637,1.2139357937237099,-2.2982390728287783e-06,0.8420171341500603,0.8420177950308874,-6.608808270636146e-07,0.33972672939013976,0.33972343573203456
"bat","LEO700","BAT_LEO700_B30_H0_L3_S261",8,0.9344630475209773,0.9344667517366961,-3.7042157188249547e-06,0.6354813056532294,0.6354838726110756,-2.5669578462839127e-06,0.6032651814166456,0.6032727775163949
"bat","LEO700","BAT_LEO700_B30_H0_L3_S263",7,1.0451393163903562,1.045140283278198,-9.668878417912197e-07,0.8604674699849316,0.8604738861322403,-6.416147308674347e-06,0.8604674699849316,0.8604738861322403
"bat","LEO700","BAT_LEO700_B30_H0_L3_S264",37,1.5410927751988153,1.541103828244387,-1.1053045571696174e-05,1.1145485288186654,1.1145597424458813,-1.1213627215900246e-05,-0.1427454043280434,-0.14276542272922155
"bat","LEO700","BAT_LEO700_B30_H1_L1_S266",9,0.8101260553678321,0.8101265871881616,-5.318203294413237e-07,0.6910917193939289,0.691091346864899,3.725290298461914e-07,0.39055839491387206,0.3905624927332004
"bat","LEO700","BAT_LEO700_B30_H1_L1_S267",51,1.72769469336051,1.7277159666175619,-2.1273257051923622e-05,1.1739522821324713,1.1739683611428036,-1.6079010332292754e-05,-1.0668813031824196,-1.066901589579442
"bat","LEO700","BAT_LEO700_B30_H1_L1_S268",15,0.9118944483027132,0.9119017059834466,-7.257680733396832e-06,0.7816730067133904,0.781679037027061,-6.030313670635223e-06,0.3241514787077904,0.32415527384728193
"bat","LEO700","BAT_LEO700_B30_H1_L2_S269",25,2.1694832002090285,2.169500305079322,-1.7104870293493946e-05,1.9696851298213005,1.9697050340473652,-1.9904226064682007e-05,-1.3443849608302116,-1.344411302357912
"bat","LEO700","BAT_LEO700_B30_H1_L2_S270",31,1.8858824654551538,1.8858825351009691,-6.96458153370827e-08,1.480461529365951,1.4804570319791954,4.497386755675237e-06,0.8003848379537943,0.8003673621363216
"bat","LEO700","BAT_LEO700_B30_H1_L2_S271",16,1.2328223125645108,1.2328357533922099,-1.3440827699051638e-05,1.0022964474046603,1.0023066977737471,-1.025036908686161e-05,0.538141731522046,0.5381529947044328
"bat","LEO700","BAT_LEO700_B30_H1_L2_S272",22,1.2636560094063998,1.2636644293909531,-8.419984553365012e-06,1.0529375719753178,1.052945064888759,-7.4929134412649034e-06,-0.48748036338524386,-0.48747810281135817
"bat","LEO700","BAT_LEO700_B30_H1_L3_S274",1,2.051836673899743e-05,0.0,2.051836673899743e-05,2.051836673899743e-05,0.0,2.051836673899743e-05,2.051836673899743e-05,0.0
"bat","LEO700","BAT_LEO700_B30_H2_L1_S277",10,1.2663151131735595,1.2663203606971736,-5.247523614082539e-06,1.07073032297194,1.0707352962344885,-4.973262548446655e-06,1.0014671925455332,1.0014726128429174
"bat","LEO700","BAT_LEO700_B30_H2_L1_S278",4,1.7305941821933475,1.7306069446867005,-1.2762493353024595e-05,1.6230173874646425,1.6230305191129446,-1.3131648302078247e-05,1.6230173874646425,1.6230305191129446
"bat","LEO700","BAT_LEO700_B30_H2_L2_S281",6,0.9260818144391301,0.9260895313954594,-7.716956329284486e-06,0.6777885719202459,0.6777993170544505,-1.0745134204626083e-05,0.6267887190915644,0.6267980905249715
"bat","LEO700","BAT_LEO700_B30_H2_L2_S284",16,1.2426629151831001,1.242669526040834,-6.610857733901909e-06,0.9778751351404935,0.9778846346307546,-9.499490261077881e-06,0.22212366457097232,0.22212562034837902
"bat","LEO700","BAT_LEO700_B30_H2_L3_S288",5,1.4494467704044125,1.4494578635243012,-1.109311988867212e-05,1.155132029671222,1.155139496549964,-7.466878741979599e-06,1.155132029671222,1.155139496549964
"bat","LEO700","BAT_LEO700_B60_H0_L1_S289",7,4.3519908291558504,4.351993400003494,-2.5708476432129146e-06,2.7188858882124936,2.718884880388422,1.0078240717525944e-06,2.4630331633878604,2.463040138328714
"bat","LEO700","BAT_LEO700_B60_H0_L1_S290",5,4.919231034435483,4.919230388625115,6.458103678497196e-07,4.048596080392599,4.048596806824207,-7.264316082000732e-07,4.048596080392599,4.048596806824207
"bat","LEO700","BAT_LEO700_B60_H0_L1_S291",51,3.46344913913548,3.4634936139498134,-4.4474814333561596e-05,2.512064907590256,2.5120999801027426,-3.507251248668908e-05,1.3233796446858084,1.323451181216275
"bat","LEO700","BAT_LEO700_B60_H0_L1_S292",47,2.481260430150967,2.481326119767702,-6.568961673503182e-05,1.7768543144252071,1.7768990238534008,-4.4709428193678846e-05,1.5380776001814198,1.538161876948273
"bat","LEO700","BAT_LEO700_B60_H0_L2_S293",2,2.6392219300311406,2.6392176489270818,4.281104058811991e-06,2.593197114765644,2.593192784115672,4.330649971961975e-06,2.593197114765644,2.593192784115672
"bat","LEO700","BAT_LEO700_B60_H0_L2_S294",53,3.986816357344756,3.986898103645943,-8.174630118684689e-05,2.937654272284148,2.937706693444612,-5.242116046400014e-05,1.879630779039185,1.8797253732973676
"bat","LEO700","BAT_LEO700_B60_H0_L2_S295",11,3.2222365908876807,3.2222244035445056,1.2187343175096288e-05,2.5213300419802014,2.521317011930726,1.3030049475393213e-05,-0.35031755370172585,-0.3503118387677453
"bat","LEO700","BAT_LEO700_B60_H0_L3_S297",32,3.682650980658333,3.682711660184303,-6.067952597010873e-05,2.9096962156472728,2.9097521386574954,-5.592301022261381e-05,1.4228393527446315,1.422924333019182
"bat","LEO700","BAT_LEO700_B60_H0_L3_S300",1,1.2585634365677834,1.25855952501297,3.91155481338501e-06,1.2585634365677834,1.25855952501297,3.91155481338501e-06,1.2585634365677834,1.25855952501297
"bat","LEO700","BAT_LEO700_B60_H1_L1_S301",42,2.8042349342282744,2.8043120009752536,-7.706674697915972e-05,2.139880255396877,2.139943412372044,-6.315697516701135e-05,1.7794207403702396,1.779496669769287
"bat","LEO700","BAT_LEO700_B60_H1_L1_S303",3,2.069844850516596,2.0698462239447677,-1.373428171635993e-06,1.7649133689701557,1.7649220302700996,-8.66129994392395e-06,1.5223431400954723,1.522335596382618
"bat","LEO700","BAT_LEO700_B60_H1_L2_S305",12,3.773335348088641,3.773331649354991,3.6987336500260426e-06,2.6924752281047404,2.6924666250124574,8.603092283010483e-06,0.2164675504900515,0.2164717996492982
"bat","LEO700","BAT_LEO700_B60_H1_L2_S306",1,1.6692141070961952,1.6692054457962513,8.66129994392395e-06,1.6692141070961952,1.6692054457962513,8.66129994392395e-06,1.6692141070961952,1.6692054457962513
"bat","LEO700","BAT_LEO700_B60_H1_L2_S307",6,4.0820488976324585,4.082050069604464,-1.1719720056646565e-06,3.3081102883443236,3.308115724939853,-5.436595529317856e-06,3.3081102883443236,3.308115724939853
"bat","LEO700","BAT_LEO700_B60_H1_L2_S308",6,3.671092675235094,3.671091251181076,1.4240540178178662e-06,2.720112190581858,2.7201123419217765,-1.5133991837501526e-07,2.693884097971022,2.693887788336724
"bat","LEO700","BAT_LEO700_B60_H1_L3_S310",30,3.7005519015971546,3.7005636684368617,-1.176683970705028e-05,2.7608565986156464,2.760871397331357,-1.4798715710639954e-05,0.4010266065597534,0.4011144209653139
"bat","LEO700","BAT_LEO700_B60_H1_L3_S311",37,4.677846071256253,4.6779772462558515,-0.00013117499959847123,3.9427648222929723,3.942884479624194,-0.00011965733122165645,3.0360075771003157,3.03613834989232
"bat","LEO700","BAT_LEO700_B60_H2_L1_S315",4,4.407033475728256,4.4070288250125165,4.650715739629163e-06,3.8675837335176766,3.8675779360346496,5.797483026981354e-06,3.8675837335176766,3.8675779360346496
"bat","LEO700","BAT_LEO700_B60_H2_L3_S324",16,4.388207086527682,4.388203969317198,3.117210484404609e-06,2.9827546211890876,2.982752351090312,2.270098775625229e-06,-0.22049109684303403,-0.22049001418054104
"rwa","LEO500","RWA_LEO500_B00_H0_L1_S001",42,0.033397987360246725,0.0337581326981946,-0.00036014533794787723,0.026791591064206192,0.02706348595342466,-0.0002718948892184679,0.02672008138504766,0.027003461237819423
"rwa","LEO500","RWA_LEO500_B00_H0_L1_S002",61,0.025481957758634058,0.025551422721780105,-6.946496314604728e-05,0.01914370202260916,0.019197011928333615,-5.330990572445515e-05,-0.01914370202260916,-0.019197011928333615
"rwa","LEO500","RWA_LEO500_B00_H0_L1_S003",32,0.010796609959522733,0.010666319288370757,0.00013029067115197593,0.008638071401583144,0.008538620981926214,9.945041965692993e-05,-0.006370092143697546,-0.006124818914031493
"rwa","LEO500","RWA_LEO500_B00_H0_L1_S004",56,0.01279760890825905,0.012929545593002995,-0.00013193668474394474,0.009104999746861202,0.009194929478690033,-8.992973182883092e-05,0.008411276187481623,0.008523021219298238
"rwa","LEO500","RWA_LEO500_B00_H0_L2_S006",58,0.020240070206010808,0.020303043827453647,-6.297362144283905e-05,0.013948717493772632,0.013998835288582312,-5.011779480968044e-05,0.013009996955074245,0.013063562364751018
"rwa","LEO500","RWA_LEO500_B00_H0_L2_S007",27,0.025355472548494965,0.025613635535673314,-0.00025816298717834876,0.024691108683193172,0.02492568254194878,-0.00023457385875560663,0.024691108683193172,0.02492568254194878
"rwa","LEO500","RWA_LEO500_B00_H0_L2_S008",38,0.014072437086223891,0.014028698810936867,4.373827528702384e-05,0.012437277950199421,0.012395410863437544,4.186708676187645e-05,-0.010264711713075244,-0.010205833774403131
"rwa","LEO500","RWA_LEO500_B00_H0_L3_S009",7,0.0026218321787943198,0.0026678554598922968,-4.6023281097977e-05,0.002160329903875079,0.0022051897432122923,-4.4859839337213405e-05,0.0021029238189969744,0.0021643384226730893
"rwa","LEO500","RWA_LEO500_B00_H0_L3_S010",1,0.016897744406014683,0.01708291815593839,-0.00018517374992370675,0.016897744406014683,0.01708291815593839,-0.00018517374992370675,0.016897744406014683,0.01708291815593839
"rwa","LEO500","RWA_LEO500_B00_H0_L3_S011",11,0.0038280788349201967,0.0038019126641259077,2.6166170794289078e-05,0.00324321694841439,0.0032615815373984256,-1.836458898403547e-05,-0.0023949098265306505,-0.002252214537425474
"rwa","LEO500","RWA_LEO500_B00_H0_L3_S012",7,0.00199746506062863,0.0019675139446742517,2.9951115954378327e-05,0.001679192376988275,0.001658786460757256,2.040591623101904e-05,-0.0008045186953885217,-0.000759637089712279
"rwa","LEO500","RWA_LEO500_B00_H1_L1_S013",33,0.020200437380261067,0.019972266450233724,0.0002281709300273431,0.018432121723890308,0.01819729701136098,0.00023482471252932874,-0.017625605495590155,-0.017386777428063483
"rwa","LEO500","RWA_LEO500_B00_H1_L1_S014",21,0.007693751241684012,0.007774854673534598,-8.110343185058645e-05,0.005911509710408395,0.00596071192551227,-4.920221510387474e-05,0.002063467052011264,0.0021208932889359338
"rwa","LEO500","RWA_LEO500_B00_H1_L1_S016",60,0.006351197101455619,0.006407512530102707,-5.63154286470878e-05,0.003928577965950049,0.003955612099622763,-2.7034133672713956e-05,0.00044385956372328616,0.0004314654235592282
"rwa","LEO500","RWA_LEO500_B00_H1_L2_S017",35,0.02675238204182752,0.026552569150585237,0.00019981289124228196,0.023331520754311767,0.02316120499478919,0.00017031575952257752,0.02249080711709602,0.022316991372832228
"rwa","LEO500","RWA_LEO500_B00_H1_L2_S018",61,0.015944202307509155,0.01564444026363525,0.00029976204387390307,0.011420609597422065,0.01118023026978872,0.0002403793276333447,-0.009564939309216917,-0.009309141921093231
"rwa","LEO500","RWA_LEO500_B00_H1_L2_S020",37,0.028783361726199507,0.028561063265688115,0.00022229846051139215,0.02630425922169879,0.02610877668736754,0.00019548253433124968,-0.02519888880889158,-0.02500460408627987
"rwa","LEO500","RWA_LEO500_B00_H1_L3_S021",6,0.0049908489382743185,0.004931058258987495,5.979067928682351e-05,0.0038471650332212452,0.0037868787844975785,6.028624872366677e-05,-0.0036076164493958163,-0.0035456113517284386
"rwa","LEO500","RWA_LEO500_B00_H1_L3_S023",6,0.009805692732963266,0.009722787788918412,8.29049440448544e-05,0.008459516086926062,0.00839017095665137,6.934513027469225e-05,-0.008459516086926062,-0.00839017095665137
"rwa","LEO500","RWA_LEO500_B00_H2_L1_S025",12,0.02439060225185663,0.02487152818895893,-0.00048092593710229864,0.024259380654742316,0.024736165410528577,-0.0004767847557862609,0.024259380654742316,0.024736165410528577
"rwa","LEO500","RWA_LEO500_B00_H2_L1_S026",23,0.028936669273046244,0.029574324242101806,-0.0006376549690555629,0.028547971659218484,0.029180596829594473,-0.0006326251703759889,0.028547971659218484,0.029180596829594473
"rwa","LEO500","RWA_LEO500_B00_H2_L1_S027",30,0.01717573301557515,0.017434390105770657,-0.00025865709019550626,0.01565520851562421,0.015892939058442912,-0.00023773054281870168,0.014495372064411644,0.014703865336875122
"rwa","LEO500","RWA_LEO500_B00_H2_L1_S028",22,0.016751066997644868,0.01634158138415832,0.0004094856134865474,0.014763732305304568,0.014362809857861564,0.00040092244744300426,-0.014201456393030554,-0.013775678808716212
"rwa","LEO500","RWA_LEO500_B00_H2_L2_S029",34,0.028460920779936838,0.02887301294282638,-0.00041209216288954145,0.025148884228923744,0.02549465997692417,-0.00034577574800042504,0.022177547808079158,0.022547039192389044
"rwa","LEO500","RWA_LEO500_B00_H2_L2_S030",14,0.026877662065155676,0.027281840794476604,-0.00040417872932092813,0.026734878335680286,0.027136311147894176,-0.00040143281221389007,0.026734878335680286,0.027136311147894176
"rwa","LEO500","RWA_LEO500_B00_H2_L2_S031",10,0.008257145318565607,0.00842203033499582,-0.00016488501643021312,0.007430427223443986,0.007615672349929811,-0.00018524512648582497,0.007430427223443986,0.007615672349929811
"rwa","LEO500","RWA_LEO500_B00_H2_L3_S033",6,0.006991767052702649,0.0068687827826542135,0.00012298427004843546,0.005326234921813011,0.005209452534715334,0.000116782387097677,-0.0052132389197746916,-0.005086617047588031
"rwa","LEO500","RWA_LEO500_B30_H0_L1_S037",38,0.026621064297870218,0.026741164192107886,-0.00012009989423766854,0.022788064441594636,0.0228858291563627,-9.776471476806436e-05,0.022527173029160814,0.022628570490173604
"rwa","LEO500","RWA_LEO500_B30_H0_L1_S038",49,0.029703234293212796,0.029708036612682166,-4.802319469369293e-06,0.024324808072070686,0.024316060391007636,8.747681063049628e-06,-0.024324808072070686,-0.024316060391007636
"rwa","LEO500","RWA_LEO500_B30_H0_L1_S040",72,0.006543336273478104,0.0065755150414532094,-3.217876797510528e-05,0.004812585435704227,0.004846077658132541,-3.349222242831403e-05,0.0012424092713950402,0.0012371371163883223
"rwa","LEO500","RWA_LEO500_B30_H0_L2_S041",37,0.024502923337014065,0.02437585115784096,0.00012707217917310581,0.02067588471077584,0.020575617938428315,0.00010026677234752437,0.02042250439927385,0.02032812141083383
"rwa","LEO500","RWA_LEO500_B30_H0_L2_S042",33,0.00736206604690096,0.007394668907060593,-3.2602860159633255e-05,0.00604905000690258,0.006078701466321949,-2.965145941936833e-05,-0.0027565231603203385,-0.0027734886741999434
"rwa","LEO500","RWA_LEO500_B30_H0_L2_S043",62,0.012216354703767396,0.012329535645519819,-0.00011318094175242349,0.008567337084922102,0.008622406008503131,-5.5068923581029494e-05,0.006839479956655731,0.00697682405551595
"rwa","LEO500","RWA_LEO500_B30_H0_L2_S044",54,0.014379526211510679,0.014540657251340749,-0.00016113103983006992,0.011288643055767926,0.011405198779646993,-0.00011655572387906689,-0.010747260510645531,-0.010867108728874609
"rwa","LEO500","RWA_LEO500_B30_H0_L3_S045",6,0.003053375875530958,0.003013129949916123,4.0245925614835164e-05,0.0023925780008236582,0.0023547355085611356,3.784249226252258e-05,-0.0019215401262044924,-0.001884513720870019
"rwa","LEO500","RWA_LEO500_B30_H0_L3_S046",6,0.006906212265673789,0.006837258195382529,6.895407029125934e-05,0.006142047544320427,0.006088163827856382,5.388371646404457e-05,-0.006142047544320427,-0.006088163827856382
"rwa","LEO500","RWA_LEO500_B30_H0_L3_S047",11,0.03405502170307889,0.034215965414201244,-0.00016094371112235217,0.03380153971639547,0.0339608567004854,-0.00015931698408993417,0.03380153971639547,0.0339608567004854
"rwa","LEO500","RWA_LEO500_B30_H1_L1_S049",32,0.031069615332140553,0.031302343885309,-0.00023272855316845004,0.02854625725303777,0.028740052907960487,-0.00019379565492271683,0.028529839153634384,0.028727115719811992
"rwa","LEO500","RWA_LEO500_B30_H1_L1_S050",48,0.006231975953821045,0.0062262204623956315,5.7554914254139e-06,0.0044342227784606334,0.004428227482518802,5.995295941831763e-06,-0.0006907679877864826,-0.0005970123029934856
"rwa","LEO500","RWA_LEO500_B30_H1_L1_S052",46,0.029728634926074644,0.029623147431757896,0.00010548749431674859,0.0255639658552473,0.025452521342136294,0.00011144451311100728,-0.02542321307422674,-0.0253153655556557
"rwa","LEO500","RWA_LEO500_B30_H1_L2_S054",46,0.01261339113473934,0.012483610813175111,0.00012978032156422785,0.010032206011490656,0.00988143567380536,0.00015077033768529612,0.007429649534068358,0.0072848116725926166
"rwa","LEO500","RWA_LEO500_B30_H1_L2_S055",28,0.024505939790973402,0.024462711595065877,4.3228195907525635e-05,0.023455030135145143,0.023420386957669893,3.464317747525064e-05,0.023455030135145143,0.023420386957669893
"rwa","LEO500","RWA_LEO500_B30_H1_L2_S056",26,0.014549450201479913,0.014365892346657678,0.0001835578548222347,0.012731577957478856,0.012530614593281197,0.00020096336419765833,-0.011981932432032551,-0.01177548452352102
"rwa","LEO500","RWA_LEO500_B30_H1_L3_S057",6,0.006747863721912353,0.0066560905584333255,9.177316347902705e-05,0.0054838439449667944,0.005400438172121844,8.34057728449503e-05,-0.005200059153139592,-0.005114119934539001
"rwa","LEO500","RWA_LEO500_B30_H1_L3_S060",6,0.0026683950420096476,0.00261025484730773,5.814019470191771e-05,0.0019260369241237644,0.0018797745307286581,4.6262393395106243e-05,-0.0013057147463162732,-0.0012295176585515337
"rwa","LEO500","RWA_LEO500_B30_H2_L1_S061",17,0.013563705669782324,0.013764108940763806,-0.00020040327098148208,0.010566135563011116,0.010766343269771076,-0.00020020770675996044,0.010557565817554645,0.010766343269771076
"rwa","LEO500","RWA_LEO500_B30_H2_L1_S062",39,0.026207840426506094,0.025684852999843088,0.0005229874266630061,0.023824751806946903,0.023350069853357785,0.0004746819535891185,-0.023213394893667638,-0.022712941343585657
"rwa","LEO500","RWA_LEO500_B30_H2_L1_S063",29,0.033816827225115594,0.03408924780687174,-0.00027242058175614564,0.03198307672965116,0.03222584418695548,-0.00024276745730432425,0.03198307672965116,0.03222584418695548
"rwa","LEO500","RWA_LEO500_B30_H2_L2_S065",26,0.01585199563966044,0.01585918855764752,-7.192917987081798e-06,0.015300925978674336,0.015298160495093239,2.7654835810971e-06,0.015300925978674336,0.015298160495093239
"rwa","LEO500","RWA_LEO500_B30_H2_L2_S066",10,0.024019062294783452,0.024277121037595342,-0.00025805874281189037,0.023730348199605945,0.023993049710989,-0.00026270151138305456,0.023730348199605945,0.023993049710989
"rwa","LEO500","RWA_LEO500_B30_H2_L2_S067",33,0.010618393361799183,0.010353131055453985,0.00026526230634519796,0.008368778036850872,0.0080225170448874,0.00034626099196347244,-0.003411626646464521,-0.0028823358655878997
"rwa","LEO500","RWA_LEO500_B30_H2_L2_S068",25,0.019579546153366496,0.01931294777272031,0.000266598380646188,0.017768000960350038,0.01749964451789856,0.0002683564424514791,-0.01732881939411163,-0.017046352505683898
"rwa","LEO500","RWA_LEO500_B30_H2_L3_S072",2,0.011011711586317294,0.011149401353059718,-0.00013768976674242463,0.010970721021294594,0.011109918728470801,-0.0001391977071762071,0.010970721021294594,0.011109918728470801
"rwa","LEO500","RWA_LEO500_B60_H0_L1_S073",49,0.01693436890666973,0.016927362602100364,7.006304569366628e-06,0.013085318885135408,0.013027230205432493,5.808867970291502e-05,-0.01278693886207683,-0.012736476931188786
"rwa","LEO500","RWA_LEO500_B60_H0_L1_S074",71,0.0054344170575324705,0.0055078606569673744,-7.344359943490392e-05,0.0038554856317563786,0.00389895068192986,-4.3465050173481165e-05,-0.00047130938881719464,-0.0005048364978021329
"rwa","LEO500","RWA_LEO500_B60_H0_L1_S076",49,0.022715142602717852,0.022846361225633754,-0.0001312186229159018,0.016788096049306346,0.0168778410599548,-8.974501064845306e-05,0.016577324780578512,0.016672560230505708
"rwa","LEO500","RWA_LEO500_B60_H0_L2_S077",45,0.019164923703213644,0.01912236200401175,4.256169920189429e-05,0.015597063358873132,0.015560172353353767,3.689100551936518e-05,-0.01557683645644122,-0.015546249668631293
"rwa","LEO500","RWA_LEO500_B60_H0_L2_S078",47,0.01713695369623628,0.01716824480903213,-3.1291112795848314e-05,0.013069994058063689,0.013086306200699602,-1.6312142635912727e-05,0.012675669511899036,0.012700702194520765
"rwa","LEO500","RWA_LEO500_B60_H0_L2_S079",78,0.020964690798106467,0.02087498643607704,8.970436202942675e-05,0.014235273463866457,0.014173955195105803,6.13182687606538e-05,-0.014153036884127711,-0.0140968812086309
"rwa","LEO500","RWA_LEO500_B60_H0_L2_S080",33,0.01322796230186374,0.013159726447216356,6.823585464738394e-05,0.010589799733663146,0.01048479937863621,0.00010500035502693586,0.010381480777692614,0.010253294577088321
"rwa","LEO500","RWA_LEO500_B60_H0_L3_S082",11,0.007914646889691016,0.007884323719445762,3.032317024525416e-05,0.007082093405452641,0.007044744322245771,3.73490832068701e-05,-0.006324118680574678,-0.006282911144874313
"rwa","LEO500","RWA_LEO500_B60_H0_L3_S083",3,0.006515325409931635,0.006604027376896554,-8.870196696491878e-05,0.005370431890090306,0.005474400271972021,-0.00010396838188171491,0.005370431890090306,0.005474400271972021
"rwa","LEO500","RWA_LEO500_B60_H0_L3_S084",4,0.012131974893601523,0.012127863335196425,4.111558405097554e-06,0.011986655090004206,0.01198300877586007,3.6463141441355623e-06,0.011986655090004206,0.01198300877586007
"rwa","LEO500","RWA_LEO500_B60_H1_L1_S086",40,0.02377997166666811,0.0237720590073111,7.912659357008772e-06,0.021119027498643844,0.021091534269507974,2.7493229135869962e-05,-0.020715403903741388,-0.020696947427932176
"rwa","LEO500","RWA_LEO500_B60_H1_L1_S087",62,0.023868851440878004,0.024044585500211116,-0.00017573405933311165,0.018138500720623042,0.018247944053502815,-0.00010944333287977309,-0.018138500720623042,-0.018247944053502815
"rwa","LEO500","RWA_LEO500_B60_H1_L1_S088",39,0.023810181652225034,0.02402851247685159,-0.00021833082462655723,0.01998846776878986,0.020146466691333517,-0.00015799892254365552,0.019068325497210024,0.01924523345839519
"rwa","LEO500","RWA_LEO500_B60_H1_L2_S089",25,0.02090669548830819,0.021054540028860078,-0.00014784454055188911,0.018970900267362593,0.01908283370733261,-0.00011193343997001684,-0.01880611404776573,-0.018922894299030303
"rwa","LEO500","RWA_LEO500_B60_H1_L2_S090",34,0.014782932745455668,0.014750971702826538,3.196104262912988e-05,0.012977958865025462,0.01294872357564814,2.9235289377321436e-05,0.012749616977046518,0.012728330142357771
"rwa","LEO500","RWA_LEO500_B60_H1_L2_S092",59,0.040863196749077055,0.040776056270356006,8.714047872104835e-05,0.03146531711237789,0.03138191429029961,8.34028220782837e-05,-0.03146531711237789,-0.03138191429029961
"rwa","LEO500","RWA_LEO500_B60_H1_L3_S093",6,0.011119973513836819,0.011034333016156125,8.56404976806932e-05,0.009908570799355707,0.009845112815188866,6.345798416684117e-05,-0.009908570799355707,-0.009845112815188866
"rwa","LEO500","RWA_LEO500_B60_H2_L1_S098",21,0.023893527633234456,0.02407777351785891,-0.0001842458846244531,0.02328776502538295,0.023454576854904492,-0.00016681182952154108,0.02328776502538295,0.023454576854904492
"rwa","LEO500","RWA_LEO500_B60_H2_L1_S099",20,0.00856951673120675,0.008546016039972178,2.350069123457227e-05,0.007546451091766356,0.0074739108979701985,7.254019379615735e-05,-0.003209766447544096,-0.0030134801566600784
"rwa","LEO500","RWA_LEO500_B60_H2_L1_S100",13,0.004460951710032578,0.004469117361860218,-8.165651827639689e-06,0.003326516311902265,0.003363270427171998,-3.675411526973295e-05,0.0012329643735518822,0.0009646465572027081
"rwa","LEO500","RWA_LEO500_B60_H2_L2_S101",18,0.03289401891293546,0.03298548218768365,-9.146327474818944e-05,0.032431454459826155,0.03250535991456774,-7.390545474158378e-05,0.032431454459826155,0.03250535991456774
"rwa","LEO500","RWA_LEO500_B60_H2_L2_S102",30,0.02378978543458583,0.02351524357410619,0.0002745418604796386,0.021842803303152324,0.021578871502230566,0.00026393180092175797,-0.020579233424117164,-0.020294477548450228
"rwa","LEO500","RWA_LEO500_B60_H2_L2_S103",16,0.013469200744965323,0.013568080125307273,-9.887938034195028e-05,0.01252347397385165,0.012647186033427715,-0.00012371205957606435,-0.01252347397385165,-0.012647186033427715
"rwa","LEO500","RWA_LEO500_B60_H2_L2_S104",41,0.01147012174923982,0.011346575759393405,0.00012354598984641411,0.010316018814720761,0.010167928966807155,0.0001480898479136062,-0.00795060801433354,-0.0077365973192017245
"rwa","LEO500","RWA_LEO500_B60_H2_L3_S107",1,0.01397219505161047,0.014113346301019193,-0.00014115124940872192,0.01397219505161047,0.014113346301019193,-0.00014115124940872192,0.01397219505161047,0.014113346301019193
"rwa","LEO550","RWA_LEO550_B00_H0_L1_S109",50,0.027638633271679664,0.027638865367061477,-2.320953818128746e-07,0.022177122756838797,0.02217730113863945,-1.7838180065357645e-07,-0.02186816592514515,-0.021868345946073533
"rwa","LEO550","RWA_LEO550_B00_H0_L1_S110",39,0.017373208459948584,0.017373052561390562,1.55898558021339e-07,0.014476898016455842,0.014476765510745539,1.325057103034044e-07,0.013915999357899028,0.013915860738891825
"rwa","LEO550","RWA_LEO550_B00_H0_L1_S111",31,0.011975766967565292,0.011975840668169428,-7.370060413521007e-08,0.010095742224685606,0.010095815192307192,-7.296762158555403e-08,0.009892431934995035,0.00989250413352443
"rwa","LEO550","RWA_LEO550_B00_H0_L1_S112",72,0.00729041647919978,0.0072903570331050264,5.9446094753320966e-08,0.0055919580911803594,0.0055919164921053605,4.159907499891313e-08,-0.004801599813314777,-0.004801547410897913
"rwa","LEO550","RWA_LEO550_B00_H0_L2_S113",33,0.02016975800473761,0.02016982261684879,-6.461211118219401e-08,0.01836766650561582,0.018367718795145104,-5.2289529282878444e-08,0.017084611142336423,0.01708465909698245
"rwa","LEO550","RWA_LEO550_B00_H0_L2_S114",39,0.015335625092321429,0.015335644157537236,-1.906521580712084e-08,0.013445069211033677,0.013445080673465361,-1.1462431684372554e-08,-0.011859625835831349,-0.011859623772593647
"rwa","LEO550","RWA_LEO550_B00_H0_L2_S115",53,0.024655174350508284,0.02465512965180391,4.469870437326384e-08,0.019561086004635082,0.019561025373778254,6.063085682822544e-08,-0.01951970930369396,-0.019519647941836773
"rwa","LEO550","RWA_LEO550_B00_H0_L3_S118",6,0.0026910592662783422,0.0026910347876952364,2.447858310581502e-08,0.0022709640363852185,0.0022709365934133526,2.744297186588543e-08,0.0022709640363852185,0.0022709365934133526
"rwa","LEO550","RWA_LEO550_B00_H0_L3_S119",7,0.003433340723193107,0.003433340052068283,6.711248241170198e-10,0.0024248635662453516,0.0024248603731393823,3.1931059693048047e-09,0.0023007790424994065,0.0023007664829492584
"rwa","LEO550","RWA_LEO550_B00_H0_L3_S120",7,0.009340587768658225,0.009340616894512432,-2.9125854207612267e-08,0.00872197917529515,0.008721999185425896,-2.0010130746817012e-08,0.00872197917529515,0.008721999185425896
"rwa","LEO550","RWA_LEO550_B00_H1_L1_S121",45,0.008807267862800795,0.008807121507134176,1.4635566661889976e-07,0.006671337023791342,0.006671142348398768,1.9467539257370103e-07,0.003461550078872178,0.003461316726687882
"rwa","LEO550","RWA_LEO550_B00_H1_L1_S122",47,0.034378089018036774,0.03437794635841946,1.426596173137451e-07,0.02915839219188437,0.029158268718326354,1.2347355801689552e-07,-0.029058477195336465,-0.02905835327791408
"rwa","LEO550","RWA_LEO550_B00_H1_L1_S123",24,0.016140494131822832,0.016140627993316118,-1.3386149328581398e-07,0.013646883067364496,0.013646990945562723,-1.0787819822687117e-07,-0.013008157738174002,-0.013008273874099058
"rwa","LEO550","RWA_LEO550_B00_H1_L1_S124",31,0.016117148357996637,0.016117215061512945,-6.670351630766458e-08,0.014728352223192496,0.014728419134213078,-6.691102058184462e-08,0.014053890673864275,0.014053954508516094
"rwa","LEO550","RWA_LEO550_B00_H1_L2_S125",49,0.034914514500064865,0.03491441590162121,9.859844365273096e-08,0.02898654868560178,0.028986463049540712,8.56360610687612e-08,-0.028853889167004706,-0.028853802953143506
"rwa","LEO550","RWA_LEO550_B00_H1_L2_S126",49,0.019313524239174876,0.019313507462863738,1.6776311138888556e-08,0.014782316146456463,0.01478229662289425,1.952356221308904e-08,0.011027778213729666,0.011027730469192778
"rwa","LEO550","RWA_LEO550_B00_H1_L2_S127",31,0.018552573898603916,0.018552632687809843,-5.878920592700121e-08,0.01714631714407475,0.01714636107846614,-4.393439138883348e-08,0.016953007360139202,0.016953050525438402
"rwa","LEO550","RWA_LEO550_B00_H1_L3_S129",6,0.0041557708050076955,0.004155751833101796,1.8971905899577146e-08,0.002914700284600258,0.002914705375830332,-5.091230074246583e-09,-0.0013266013314326601,-0.0013265644510587055
"rwa","LEO550","RWA_LEO550_B00_H1_L3_S130",7,0.00758725998617393,0.007587278761316318,-1.8775142388710586e-08,0.006636019769523826,0.006636027432978153,-7.66345432771931e-09,0.006636019769523826,0.006636027432978153
"rwa","LEO550","RWA_LEO550_B00_H2_L1_S133",23,0.021518318012134947,0.02151834630465174,-2.82925167911785e-08,0.020572663924616316,0.020572689321378002,-2.5396761686724556e-08,0.020572663924616316,0.020572689321378002
"rwa","LEO550","RWA_LEO550_B00_H2_L1_S134",31,0.010261226130243684,0.01026128313566939,-5.700542570624689e-08,0.00762833797883603,0.007628393738019852,-5.575918382138417e-08,0.0015307216754844096,0.0015307758964838503
"rwa","LEO550","RWA_LEO550_B00_H2_L1_S135",12,0.014908866872409552,0.014908977102179711,-1.1022977015884283e-07,0.014763412158936262,0.014763524414350589,-1.1225541432687003e-07,0.014763412158936262,0.014763524414350589
"rwa","LEO550","RWA_LEO550_B00_H2_L2_S137",38,0.013442349670020878,0.013442425579725975,-7.590970509639694e-08,0.012032107665742697,0.012032174720968075,-6.705522537751862e-08,-0.008812727377210793,-0.00881275961077527
"rwa","LEO550","RWA_LEO550_B00_H2_L2_S138",14,0.008823816158066013,0.008823825674061066,-9.515995052708504e-09,0.0069011650447334556,0.006901141522186143,2.352254731274872e-08,0.006896428178463664,0.006896388477512769
"rwa","LEO550","RWA_LEO550_B00_H2_L2_S139",19,0.00783359524234943,0.007833537116624678,5.812572475075162e-08,0.006983529148917448,0.006983467662020735,6.148689671303664e-08,-0.0037479044183304417,-0.003747813599674326
"rwa","LEO550","RWA_LEO550_B00_H2_L3_S142",1,0.021803306043148042,0.021803413331508637,-1.0728836059500924e-07,0.021803306043148042,0.021803413331508637,-1.0728836059500924e-07,0.021803306043148042,0.021803413331508637
"rwa","LEO550","RWA_LEO550_B30_H0_L1_S145",49,0.035349416323399226,0.035349526308815236,-1.0998541601081602e-07,0.029116779503089437,0.02911687277409495,-9.327100551279055e-08,-0.029116779503089437,-0.02911687277409495
"rwa","LEO550","RWA_LEO550_B30_H0_L1_S146",71,0.01331030855009029,0.013310422680012757,-1.141299224675929e-07,0.010103302811023214,0.010103386215550798,-8.340452758472117e-08,0.005698042724963644,0.0056980925494096646
"rwa","LEO550","RWA_LEO550_B30_H0_L1_S147",35,0.007487600155741495,0.007487648966292563,-4.8810551067993146e-08,0.005726091680782182,0.005726127699017523,-3.601823534045423e-08,-0.0009751209297350483,-0.000975134298205376
"rwa","LEO550","RWA_LEO550_B30_H0_L1_S148",36,0.025526298358201492,0.025526202271341985,9.608685950721063e-08,0.022319360325733822,0.022319266613986755,9.371174706715446e-08,0.022307913584841618,0.022307819873094558
"rwa","LEO550","RWA_LEO550_B30_H0_L2_S149",76,0.017600791415703174,0.017600794103692387,-2.6879892131570493e-09,0.011496387238271148,0.011496383481119813,3.757151334840558e-09,-0.011371403886005289,-0.01137139877598537
"rwa","LEO550","RWA_LEO550_B30_H0_L2_S150",51,0.03487853041089464,0.03487860687350738,-7.646261273447363e-08,0.028206121242221664,0.02820617522240854,-5.398018687596817e-08,-0.02810751767281224,-0.028107573785910427
"rwa","LEO550","RWA_LEO550_B30_H0_L2_S151",47,0.025642845556036083,0.02564287303712004,-2.7481083957059393e-08,0.019685653438593482,0.019685675187947897,-2.1749354414679622e-08,0.01826722166956739,0.018267238853459662
"rwa","LEO550","RWA_LEO550_B30_H0_L3_S153",22,0.04769613347720124,0.04769613032693756,3.1502636818614427e-09,0.04191506852141836,0.0419150486080484,1.991336995993409e-08,-0.04011300441555002,-0.040112967433577236
"rwa","LEO550","RWA_LEO550_B30_H0_L3_S154",6,0.006346795079533764,0.0063467723278486324,2.2751685131369714e-08,0.005351856350898743,0.005351843250294527,1.3100604216026435e-08,-0.005351856350898743,-0.005351843250294527
"rwa","LEO550","RWA_LEO550_B30_H0_L3_S155",6,0.003667622460511707,0.003667610544430546,1.1916081160863456e-08,0.003382639028131962,0.0033826274797320367,1.1548399925145197e-08,0.003382639028131962,0.0033826274797320367
"rwa","LEO550","RWA_LEO550_B30_H0_L3_S156",6,0.0029642980183707235,0.002964280775827407,1.7242543316753345e-08,0.0022183781179289023,0.0022183658865590886,1.2231369813688053e-08,-0.00048486040905117915,-0.00048484681174159027
"rwa","LEO550","RWA_LEO550_B30_H1_L1_S158",46,0.013777955762039839,0.01377785746367446,9.829836537973702e-08,0.01068103426824445,0.010680946416181064,8.785206338617069e-08,0.008639247618291691,0.008639143180588019
"rwa","LEO550","RWA_LEO550_B30_H1_L1_S159",31,0.020601106966791273,0.020600921842329662,1.8512446161092488e-07,0.019067177236560852,0.019066999095582196,1.7814097865581635e-07,0.018812485435797322,0.018812306525726477
"rwa","LEO550","RWA_LEO550_B30_H1_L1_S160",51,0.01975432742081734,0.01975445208685022,-1.246660328788063e-07,0.015609906274624464,0.015610002387114161,-9.611248969788877e-08,-0.014854102993986627,-0.014854201239387632
"rwa","LEO550","RWA_LEO550_B30_H1_L2_S161",49,0.028444240756573407,0.028444331205551357,-9.044897794976969e-08,0.022955862060189246,0.022955927716530097,-6.565634085020644e-08,-0.02263366475853385,-0.022633733212643746
"rwa","LEO550","RWA_LEO550_B30_H1_L2_S162",47,0.012835644129375576,0.012835614249433516,2.9879942060537235e-08,0.009250506267268609,0.009250460422419485,4.584484912355247e-08,0.005797759348407706,0.005797684081691376
"rwa","LEO550","RWA_LEO550_B30_H1_L2_S163",34,0.011328914774538859,0.011329052396642284,-1.3762210342507797e-07,0.00927927679217914,0.009279401698971498,-1.2490679235886704e-07,0.008545207024058879,0.008545344553011307
"rwa","LEO550","RWA_LEO550_B30_H1_L2_S164",22,0.011027414655305245,0.011027497184635882,-8.252933063682133e-08,0.009583417377011343,0.0095834910700267,-7.369301535664619e-08,-0.002361442030153492,-0.002361443926664918
"rwa","LEO550","RWA_LEO550_B30_H1_L3_S165",7,0.008602753900399784,0.00860277789838239,-2.3997982606313584e-08,0.007950660879058498,0.007950678334704466,-1.745564596859761e-08,0.007950660879058498,0.007950678334704466
"rwa","LEO550","RWA_LEO550_B30_H1_L3_S166",2,0.019628014287183665,0.019628068611158078,-5.432397441260117e-08,0.01949127335101366,0.01949132699519396,-5.364418029923934e-08,0.01949127335101366,0.01949132699519396
"rwa","LEO550","RWA_LEO550_B30_H1_L3_S168",6,0.005033202987051065,0.0050331656189993934,3.736805167121188e-08,0.004154741019010544,0.004154715811212857,2.5207797686895017e-08,-0.004154741019010544,-0.004154715811212857
"rwa","LEO550","RWA_LEO550_B30_H2_L1_S169",19,0.008249057176504542,0.008249067297578577,-1.0121074034419308e-08,0.007097020784490988,0.007097028862488897,-8.0779979094725e-09,-0.0025564756440488935,-0.002556455017704713
"rwa","LEO550","RWA_LEO550_B30_H2_L1_S170",34,0.02492555063977234,0.02492529927060988,2.513691624607406e-07,0.022939488116432635,0.022939247900948808,2.4021548382727187e-07,-0.021793243026032166,-0.02179298966246493
"rwa","LEO550","RWA_LEO550_B30_H2_L1_S171",34,0.012863232470307163,0.012863155356794921,7.711351224237717e-08,0.011051977984607216,0.011051886473946712,9.151066050414047e-08,0.007871800211860855,0.007871671535951249
"rwa","LEO550","RWA_LEO550_B30_H2_L2_S174",25,0.026754573563284898,0.026754538921635103,3.464164979524731e-08,0.023902389492839574,0.023902349766343832,3.972649574232601e-08,-0.023199055943638084,-0.023199014011770488
"rwa","LEO550","RWA_LEO550_B30_H2_L2_S175",22,0.02545108054921062,0.02545102757593223,5.297327838882371e-08,0.02485824493183331,0.024858181263235482,6.366859782794276e-08,0.02485824493183331,0.024858181263235482
"rwa","LEO550","RWA_LEO550_B30_H2_L2_S176",9,0.012606154097334572,0.012606222589931564,-6.849259699161225e-08,0.011974300816655159,0.011974368203017446,-6.738636228707795e-08,0.011974300816655159,0.011974368203017446
"rwa","LEO550","RWA_LEO550_B30_H2_L3_S179",4,0.010697966484278634,0.010698034753740916,-6.826946228125075e-08,0.010278758965432644,0.010278832726180555,-7.376074791058673e-08,0.010278758965432644,0.010278832726180555
"rwa","LEO550","RWA_LEO550_B30_H2_L3_S180",3,0.012155448792283233,0.01215550601504697,-5.722276373749946e-08,0.011348355716715256,0.011348417308181527,-6.15914662709105e-08,0.011348355716715256,0.011348417308181527
"rwa","LEO550","RWA_LEO550_B60_H0_L1_S181",66,0.006468914159689088,0.006468916079331232,-1.9196421431610933e-09,0.004895245989389493,0.004895266896170195,-2.0906780701622496e-08,0.0010821098235971965,0.0010820714869733995
"rwa","LEO550","RWA_LEO550_B60_H0_L1_S183",42,0.015010595664073693,0.015010538294779581,5.736929411213898e-08,0.01191884068151315,0.011918787250206583,5.3431306566709136e-08,0.011758616584397495,0.01175856031477451
"rwa","LEO550","RWA_LEO550_B60_H0_L1_S184",31,0.012351298869750518,0.01235129757358766,1.2961628576002582e-09,0.009528375777506056,0.009528372460795985,3.3167100715186804e-09,0.008884230688694983,0.008884188532829282
"rwa","LEO550","RWA_LEO550_B60_H0_L2_S186",35,0.02459970578691069,0.024599650864969735,5.492194095346736e-08,0.021582601953830043,0.021582544052175117,5.790165492555732e-08,0.021421505244714877,0.021421446661864012
"rwa","LEO550","RWA_LEO550_B60_H0_L2_S187",75,0.01713945383568358,0.017139602648653666,-1.488129700855101e-07,0.012740556669731937,0.012740658116837344,-1.0144710540713198e-07,0.006975103649000327,0.006975192698339622
"rwa","LEO550","RWA_LEO550_B60_H0_L2_S188",38,0.008764186304028357,0.00876418864307819,-2.3390498340297716e-09,0.007000865855891455,0.00700084099448041,2.4861411045302984e-08,-0.005314869835580652,-0.00531481125048901
"rwa","LEO550","RWA_LEO550_B60_H0_L3_S189",11,0.0036278051578757,0.0036278312514764124,-2.6093600712442933e-08,0.002981075983155858,0.0029810946773399026,-1.8694184044515394e-08,0.000922735780477523,0.0009227382188493545
"rwa","LEO550","RWA_LEO550_B60_H0_L3_S190",5,0.003671074371143247,0.0036710666097275616,7.761415685494932e-09,0.003338004834949971,0.00333799708634615,7.748603821078337e-09,0.0008302836492657664,0.0008302800729870797
"rwa","LEO550","RWA_LEO550_B60_H0_L3_S191",6,0.002220811435374221,0.0022208009758974984,1.0459476722669142e-08,0.0021029685313502956,0.0021029593423008922,9.189049403335314e-09,0.0009327654416362441,0.0009327592328190812
"rwa","LEO550","RWA_LEO550_B60_H0_L3_S192",6,0.0020685128564945873,0.0020684924829149917,2.0373579595524965e-08,0.00187972541898489,0.0018797086551785465,1.6763806343512294e-08,0.0017684018239378936,0.0017683850601315498
"rwa","LEO550","RWA_LEO550_B60_H1_L1_S193",58,0.013255246556942879,0.013255174775277972,7.178166490720561e-08,0.009297445925466462,0.009297386012521799,5.99129446627461e-08,-0.009098084686837834,-0.009098028627641756
"rwa","LEO550","RWA_LEO550_B60_H1_L1_S194",33,0.0281207956830331,0.02812094230438849,-1.466213553902307e-07,0.02614760538845351,0.026147739747256944,-1.343588034337373e-07,-0.025947839473233078,-0.025947976225253307
"rwa","LEO550","RWA_LEO550_B60_H1_L1_S196",36,0.03454780982958284,0.03454794255896806,-1.327293852187994e-07,0.02980897558025188,0.029809083696454765,-1.0811620288625479e-07,0.029612921995835168,0.02961303077431189
"rwa","LEO550","RWA_LEO550_B60_H1_L2_S198",53,0.013310096240145581,0.01331024568481804,-1.494446724582127e-07,0.010800261675151732,0.010800379787940743,-1.1811278901111e-07,-0.00920017528312527,-0.009200320442927616
"rwa","LEO550","RWA_LEO550_B60_H1_L2_S199",37,0.018858359256234344,0.018858425578104836,-6.632187049201987e-08,0.016496052648368724,0.016496109997702613,-5.73493338894282e-08,0.015412606454982955,0.015412658649320543
"rwa","LEO550","RWA_LEO550_B60_H1_L2_S200",27,0.010662780964162276,0.010662716256775503,6.470738677342991e-08,0.009081932972185314,0.00908186056357981,7.24086055038653e-08,0.008047110243286524,0.008046969399718499
"rwa","LEO550","RWA_LEO550_B60_H1_L3_S201",6,0.0074022131959802055,0.007402248621800542,-3.542582033624897e-08,0.00682634251813094,0.006826379025975864,-3.650784492423287e-08,0.00682634251813094,0.006826379025975864
"rwa","LEO550","RWA_LEO550_B60_H2_L1_S205",14,0.010472831196753024,0.010472836114496375,-4.917743351429138e-09,0.00941115056297609,0.009411143005958625,7.557017464923654e-09,0.00941115056297609,0.009411143005958625
"rwa","LEO550","RWA_LEO550_B60_H2_L1_S206",23,0.026766064200665556,0.02676635317751727,-2.8897685171516696e-07,0.02437853497331557,0.024378833773991342,-2.988006757714823e-07,0.02437853497331557,0.024378833773991342
"rwa","LEO550","RWA_LEO550_B60_H2_L1_S207",42,0.009936404403976374,0.009936242494083456,1.6190989291821334e-07,0.008342404459558783,0.008342242019162293,1.6244039648984077e-07,-0.007639066511321636,-0.0076388913339802186
"rwa","LEO550","RWA_LEO550_B60_H2_L2_S210",23,0.03315371157230246,0.033153657466189465,5.41061129927245e-08,0.03278602377875992,0.03278596482199171,5.8956768210494115e-08,0.03278602377875992,0.03278596482199171
"rwa","LEO550","RWA_LEO550_B60_H2_L2_S211",14,0.006442391237777085,0.006442335696749185,5.5541027900105067e-08,0.005130105252776829,0.005130047244685037,5.8008091791822425e-08,0.004554841880287446,0.004554734272616251
"rwa","LEO550","RWA_LEO550_B60_H2_L2_S212",26,0.018645300905134055,0.018645114982006907,1.8592312714740822e-07,0.017263774029337445,0.01726361636358958,1.5766574786371668e-07,-0.01564379790081428,-0.015643614903092382
"rwa","LEO550","RWA_LEO550_B60_H2_L3_S214",3,0.014057223123264373,0.014057295863814708,-7.274055033486271e-08,0.013752452532450358,0.01375252902507782,-7.649262746128871e-08,0.013752452532450358,0.01375252902507782
"rwa","LEO700","RWA_LEO700_B00_H0_L1_S217",56,0.011387894787271239,0.01138782476674823,7.002052300822403e-08,0.008732428734323809,0.008732378223378747,5.0510945062004486e-08,-0.008582599101854223,-0.00858254108711013
"rwa","LEO700","RWA_LEO700_B00_H0_L1_S218",55,0.02868369374301276,0.028683776187344752,-8.244433199328105e-08,0.022177843918854544,0.022177905243906112,-6.132505156811185e-08,-0.02195244151760231,-0.021952501894398166
"rwa","LEO700","RWA_LEO700_B00_H0_L1_S219",33,0.00727602143994683,0.007276044442602596,-2.3002655765401447e-08,0.0057540238157592054,0.005754037994439856,-1.4178680650574205e-08,0.0022718213075263944,0.0022718053226443856
"rwa","LEO700","RWA_LEO700_B00_H0_L1_S220",34,0.030237223156590977,0.030237228272327367,-5.115736390060022e-09,0.027005688621498207,0.027005691777038227,-3.1555400202554207e-09,0.02693423106718589,0.02693423492395703
"rwa","LEO700","RWA_LEO700_B00_H0_L2_S221",35,0.012118423567225353,0.012118476640271115,-5.3073045762006e-08,0.010017543509602548,0.010017584721956935,-4.121235438678261e-08,-0.00798592806926796,-0.00798596442810127
"rwa","LEO700","RWA_LEO700_B00_H0_L2_S223",27,0.024484305378492596,0.024484291075922482,1.4302570114366198e-08,0.02369960313317953,0.023699579070563668,2.4062615861658587e-08,0.02369960313317953,0.023699579070563668
"rwa","LEO700","RWA_LEO700_B00_H0_L2_S224",57,0.03169430755216088,0.03169430626628096,1.2858799164350287e-09,0.02498829469999723,0.024988292249148353,2.450848878010614e-09,-0.02498829469999723,-0.024988292249148353
"rwa","LEO700","RWA_LEO700_B00_H0_L3_S225",6,0.008484406429236048,0.008484385792618149,2.0636617898903142e-08,0.00807518195360899,0.008075164010127386,1.7943481603333034e-08,-0.00807518195360899,-0.008075164010127386
"rwa","LEO700","RWA_LEO700_B00_H0_L3_S227",6,0.00784472561687524,0.00784468553550083,4.008137441044446e-08,0.007516716979444026,0.00751668109248082,3.588696320666607e-08,-0.007516716979444026,-0.00751668109248082
"rwa","LEO700","RWA_LEO700_B00_H0_L3_S228",11,0.008654648471099547,0.008654752487144294,-1.0401604474616355e-07,0.007523039999333295,0.007523129609498112,-8.961016481623396e-08,0.007523039999333295,0.007523129609498112
"rwa","LEO700","RWA_LEO700_B00_H1_L1_S229",46,0.017052472554547116,0.017052563831671898,-9.127712478212979e-08,0.013851581313824485,0.01385165044225489,-6.912843040531025e-08,0.011846307432658607,0.011846374487883978
"rwa","LEO700","RWA_LEO700_B00_H1_L1_S230",30,0.02611690560846381,0.026116864122274947,4.1486188862710494e-08,0.02490399181842804,0.024903944134712218,4.768371582308806e-08,0.02490399181842804,0.024903944134712218
"rwa","LEO700","RWA_LEO700_B00_H1_L1_S232",52,0.02538872668940969,0.025388803509611084,-7.682020139454515e-08,0.020792648122565323,0.02079269943127516,-5.1308709836384025e-08,-0.020299978799840364,-0.02030002950677254
"rwa","LEO700","RWA_LEO700_B00_H1_L2_S233",25,0.009110634160921472,0.009110647717754439,-1.3556832966984955e-08,0.008070391450077296,0.008070394787937404,-3.3378601081018866e-09,0.0011027715541422354,0.0011027407981455339
"rwa","LEO700","RWA_LEO700_B00_H1_L2_S234",23,0.03450873100655919,0.03450873476695253,-3.760393336993406e-09,0.03417534217562365,0.034175346581184346,-4.4055606940318626e-09,0.03417534217562365,0.034175346581184346
"rwa","LEO700","RWA_LEO700_B00_H1_L2_S235",43,0.02866340264549854,0.028663416145057435,-1.3499558894347619e-08,0.025106625133302328,0.02510663559876902,-1.0465466691172987e-08,-0.02355053517101116,-0.023550528170930785
"rwa","LEO700","RWA_LEO700_B00_H1_L3_S237",1,0.02149828374385834,0.02149835973978043,-7.599592209001083e-08,0.02149828374385834,0.02149835973978043,-7.599592209001083e-08,0.02149828374385834,0.02149835973978043
"rwa","LEO700","RWA_LEO700_B00_H1_L3_S238",7,0.005622423714707013,0.005622399628160763,2.4086546249711682e-08,0.005397507920861244,0.005397482828370162,2.509249108235273e-08,-0.005397507920861244,-0.005397482828370162
"rwa","LEO700","RWA_LEO700_B00_H1_L3_S240",6,0.0068850534917081875,0.006885017436158811,3.605554937686356e-08,0.006448890827596188,0.006448857548336188,3.3279260000518285e-08,-0.006448890827596188,-0.006448857548336188
"rwa","LEO700","RWA_LEO700_B00_H2_L1_S241",13,0.024790488897238918,0.024790643390988566,-1.5449374964754403e-07,0.0243033304810524,0.024303487287117894,-1.568060654932868e-07,0.0243033304810524,0.024303487287117894
"rwa","LEO700","RWA_LEO700_B00_H2_L1_S242",16,0.027483082523675362,0.027483161827479386,-7.9303804023656e-08,0.027245285315439106,0.0272453588899225,-7.35744833946228e-08,0.027245285315439106,0.0272453588899225
"rwa","LEO700","RWA_LEO700_B00_H2_L1_S243",34,0.015448178738876618,0.015448253114460974,-7.43755843562316e-08,0.013790703181396512,0.01379075253053623,-4.9349139717366763e-08,-0.010309086466098533,-0.010309079366133492
"rwa","LEO700","RWA_LEO700_B00_H2_L1_S244",32,0.03687938587826142,0.03687948818754489,-1.023092834687156e-07,0.033318966772640124,0.03331904127844609,-7.450580596923828e-08,0.032584403600776565,0.03258447363623418
"rwa","LEO700","RWA_LEO700_B00_H2_L2_S245",27,0.015448353125237298,0.015448258554272057,9.457096524119468e-08,0.013974527021249135,0.013974416145571959,1.1087567717595059e-07,-0.012570456498199037,-0.012570324429759272
"rwa","LEO700","RWA_LEO700_B00_H2_L2_S246",8,0.02711470935680472,0.02711490109562139,-1.9173881667111647e-07,0.027099354658275843,0.027099546510726213,-1.9185245037078857e-07,0.027099354658275843,0.027099546510726213
"rwa","LEO700","RWA_LEO700_B00_H2_L2_S247",20,0.041777658538493266,0.04177773014054666,-7.160205339057368e-08,0.04167551051825285,0.04167557816952468,-6.765127182756236e-08,0.04167551051825285,0.04167557816952468
"rwa","LEO700","RWA_LEO700_B00_H2_L2_S248",37,0.021194400742606447,0.021194651981534796,-2.5123892834905126e-07,0.018216962991534046,0.018217174588023008,-2.1159648896235117e-07,0.015075458626489381,0.015075673444851027
"rwa","LEO700","RWA_LEO700_B00_H2_L3_S250",2,0.017165818647900673,0.01716590368868164,-8.504078096577272e-08,0.016834472771734,0.016834556218236686,-8.344650268693465e-08,0.016834472771734,0.016834556218236686
"rwa","LEO700","RWA_LEO700_B30_H0_L1_S253",68,0.01739340147499053,0.01739335473442935,4.674056117842662e-08,0.01249625215526013,0.012496221257264122,3.0897996008971695e-08,-0.012153351597268795,-0.012153319165329723
"rwa","LEO700","RWA_LEO700_B30_H0_L1_S254",32,0.008746668564233947,0.008746636193873114,3.2370360832784106e-08,0.0068779739085584905,0.006877948017790915,2.5890767575871554e-08,0.006246869498863817,0.006246807472780348
"rwa","LEO700","RWA_LEO700_B30_H0_L1_S255",48,0.026087717235935826,0.026087675950679668,4.128525615820777e-08,0.01984809054216991,0.019848056890380883,3.365178902550725e-08,0.01947601748785625,0.019475985822888713
"rwa","LEO700","RWA_LEO700_B30_H0_L1_S256",50,0.02949366349179159,0.029493510724301373,1.5276749021700398e-07,0.023698891669511796,0.023698762103915215,1.2956559658147682e-07,-0.02354268553853035,-0.023542555585503583
"rwa","LEO700","RWA_LEO700_B30_H0_L2_S257",25,0.0169778409612286,0.016977925235321725,-8.427409312408707e-08,0.012388214528560638,0.012388289511203765,-7.498264312753855e-08,0.011923830687999726,0.011923915207386018
"rwa","LEO700","RWA_LEO700_B30_H0_L2_S258",49,0.018306274814534194,0.01830634094003056,-6.612549636672571e-08,0.014945900687301646,0.014945941133310603,-4.044600895695971e-08,-0.014222014554757245,-0.014222053176134218
"rwa","LEO700","RWA_LEO700_B30_H0_L2_S259",57,0.019374419274345585,0.01937431029900029,1.089753452962472e-07,0.01374348148768931,0.013743401439697068,8.004799224164971e-08,0.012092306925670097,0.012092220185226519
"rwa","LEO700","RWA_LEO700_B30_H0_L2_S260",58,0.013177887637528236,0.013177883957284192,3.680244043541281e-09,0.010787223976362366,0.010787223231304304,7.450580621209957e-10,-0.010289966620119478,-0.010289966080594678
"rwa","LEO700","RWA_LEO700_B30_H0_L3_S261",7,0.002926926165194577,0.002926947920266014,-2.1755071437021267e-08,0.0026339659201247358,0.002633980395538467,-1.447541373138933e-08,0.0026339659201247358,0.002633980395538467
"rwa","LEO700","RWA_LEO700_B30_H0_L3_S262",6,0.0016465974272604068,0.001646615585067433,-1.8157807026193684e-08,0.001271882963677248,0.0012719019626577697,-1.8998980521635345e-08,-0.0008601097390055662,-0.0008601252610484761
"rwa","LEO700","RWA_LEO700_B30_H1_L1_S266",25,0.027584226784745952,0.02758424990361156,-2.3118865606630568e-08,0.026803887270390993,0.026803909324109556,-2.205371856314753e-08,0.026803887270390993,0.026803909324109556
"rwa","LEO700","RWA_LEO700_B30_H1_L1_S267",39,0.027609014720632347,0.02760903531729846,-2.0596666112232542e-08,0.024799123616554807,0.024799138708756524,-1.50922017175259e-08,-0.0245901824381107,-0.024590197186439473
"rwa","LEO700","RWA_LEO700_B30_H1_L1_S268",53,0.006540610280708379,0.006540618604809558,-8.324101179180143e-09,0.004614999651346566,0.004614994534344041,5.117002524826497e-09,0.0004155629507775579,0.00041550497682589445
"rwa","LEO700","RWA_LEO700_B30_H1_L2_S270",47,0.018554930899643586,0.0185548328195127,9.808013088502543e-08,0.015077653848268889,0.015077571226085754,8.262218313508096e-08,0.01200470011681318,0.012004623074639351
"rwa","LEO700","RWA_LEO700_B30_H1_L2_S271",32,0.015352679497008104,0.015352679159702105,3.373059991040872e-10,0.013842079888854643,0.013842069225211164,1.066364347865334e-08,-0.012108823929156643,-0.012108801158319693
"rwa","LEO700","RWA_LEO700_B30_H1_L2_S272",21,0.031240507050429626,0.0312406078695924,-1.0081916277521197e-07,0.030438025402171272,0.030438124317498434,-9.891532716174711e-08,0.030438025402171272,0.030438124317498434
"rwa","LEO700","RWA_LEO700_B30_H1_L3_S273",6,0.011753061044274517,0.011753027954613407,3.3089661110111135e-08,0.01067318581044674,0.010673157063623269,2.8746823470260363e-08,-0.01067318581044674,-0.010673157063623269
"rwa","LEO700","RWA_LEO700_B30_H1_L3_S274",2,0.01807079393964709,0.018070891289940546,-9.735029345495083e-08,0.017762114247307184,0.017762210359796884,-9.61124896996235e-08,0.017762114247307184,0.017762210359796884
"rwa","LEO700","RWA_LEO700_B30_H1_L3_S276",11,0.01344827315755115,0.013448233720660806,3.9436890343635955e-08,0.012701930884610524,0.012701900709759106,3.017485141788845e-08,-0.012701930884610524,-0.012701900709759106
"rwa","LEO700","RWA_LEO700_B30_H2_L1_S278",24,0.04265685867197877,0.042657077027418014,-2.183554392437559e-07,0.04236789097388586,0.042368103563785564,-2.1258989970490694e-07,0.04236789097388586,0.042368103563785564
"rwa","LEO700","RWA_LEO700_B30_H2_L1_S279",11,0.015895425591095292,0.015895484405298237,-5.881420294534534e-08,0.015411900525743314,0.015411951460621577,-5.09348782630481e-08,0.015411900525743314,0.015411951460621577
"rwa","LEO700","RWA_LEO700_B30_H2_L1_S280",22,0.006608415286744668,0.006608450856229984,-3.556948531546755e-08,0.005111125263978136,0.00511115567589348,-3.04119153445373e-08,0.0024420162662863736,0.0024420818991281773
"rwa","LEO700","RWA_LEO700_B30_H2_L2_S281",27,0.009873281223669183,0.009873239403679613,4.181998957027144e-08,0.008671639597526308,0.008671580268828959,5.932869734902313e-08,-0.005620017523566886,-0.005619916802755111
"rwa","LEO700","RWA_LEO700_B30_H2_L2_S282",14,0.007384014044849891,0.007384115561888387,-1.0151703849596572e-07,0.006857467974935259,0.006857563129493168,-9.515455790844174e-08,-0.004537191561290195,-0.004537309280463626
"rwa","LEO700","RWA_LEO700_B30_H2_L2_S283",17,0.03624299422823255,0.03624308911216408,-9.488393153123109e-08,0.036004765770014595,0.036004861663369574,-9.589335497883766e-08,0.036004765770014595,0.036004861663369574
"rwa","LEO700","RWA_LEO700_B30_H2_L2_S284",33,0.017389316220527085,0.01738943204585048,-1.1582532339488028e-07,0.015120649089415869,0.015120742740956223,-9.365154035427536e-08,0.012738473961750669,0.012738553886160709
"rwa","LEO700","RWA_LEO700_B30_H2_L3_S287",3,0.007321508912943989,0.007321568404746984,-5.9491802995199905e-08,0.0058634453763564435,0.005863477662205696,-3.228584925275835e-08,0.005732080712914467,0.00573215273519357
"rwa","LEO700","RWA_LEO700_B60_H0_L1_S289",51,0.02611852171674112,0.026118502687878534,1.9028862586339956e-08,0.020790680121703476,0.02079066210152472,1.80201787554346e-08,-0.020608376737172696,-0.020608360134065157
"rwa","LEO700","RWA_LEO700_B60_H0_L1_S290",42,0.011186903543697104,0.011186838588561681,6.495513542315035e-08,0.009478046746135945,0.009477990015286545,5.673084940011064e-08,-0.008036821618311698,-0.008036750908753937
"rwa","LEO700","RWA_LEO700_B60_H0_L1_S292",66,0.005503333797826818,0.005503380997291121,-4.7199464303128436e-08,0.003567681162420543,0.0035677308555353776,-4.969311483485339e-08,-3.3259939289450535e-05,-3.316743920246809e-05
"rwa","LEO700","RWA_LEO700_B60_H0_L2_S293",59,0.023359103153267585,0.0233592242180942,-1.2106482661505824e-07,0.01618981668252056,0.01618989831057646,-8.162805590142264e-08,0.015083091781806139,0.015083164923777011
"rwa","LEO700","RWA_LEO700_B60_H0_L2_S294",56,0.014746381061025875,0.014746406247514457,-2.5186488582240596e-08,0.011546756110952369,0.011546780857523638,-2.474657126959323e-08,-0.010813815043573935,-0.010813837980718485
"rwa","LEO700","RWA_LEO700_B60_H0_L2_S295",34,0.016276491023292962,0.01627651121681025,-2.019351728888008e-08,0.014535351681029972,0.014535361848881143,-1.0167851170403419e-08,0.013594840173883474,0.013594846134347955
"rwa","LEO700","RWA_LEO700_B60_H0_L2_S296",40,0.008060396220674077,0.008060421501451219,-2.5280777141839517e-08,0.006492079067975285,0.0064920873753726484,-8.307397363765956e-09,-0.0033410209231078654,-0.0033410003967583174
"rwa","LEO700","RWA_LEO700_B60_H0_L3_S297",6,0.0007542005962473425,0.0007541818519842756,1.8744263066933047e-08,0.0005920899411042537,0.0005920708179473901,1.9123156863587454e-08,0.00011227056384086487,0.00011227726936340141
"rwa","LEO700","RWA_LEO700_B60_H0_L3_S298",11,0.020644264528199965,0.020644383792620315,-1.192644203500126e-07,0.020110270211642443,0.020110381022095683,-1.1081045324032313e-07,0.020110270211642443,0.020110381022095683
"rwa","LEO700","RWA_LEO700_B60_H1_L1_S301",51,0.013999734961069368,0.013999812543983607,-7.758291423881625e-08,0.010828827165852428,0.010828888172959433,-6.100710700507328e-08,0.008854184187857394,0.008854227897930233
"rwa","LEO700","RWA_LEO700_B60_H1_L1_S302",24,0.018986807933886327,0.018986801229604933,6.704281393932199e-09,0.01787834522923125,0.017878334550065725,1.0679165524107859e-08,0.01787834522923125,0.017878334550065725
"rwa","LEO700","RWA_LEO700_B60_H1_L1_S303",43,0.026701202171470092,0.026701147854944138,5.431652595408454e-08,0.023648148584504463,0.0236481060815412,4.250296326349656e-08,-0.023286513862914818,-0.023286468483680902
"rwa","LEO700","RWA_LEO700_B60_H1_L1_S304",30,0.013226569997298342,0.013226576102868414,-6.105570072093003e-09,0.011148888990283011,0.011148884370923042,4.619359969190717e-09,-0.009206231509645781,-0.009206191822886465
"rwa","LEO700","RWA_LEO700_B60_H1_L2_S305",22,0.017989658824743564,0.01798969676013139,-3.793538782756456e-08,0.016923502578654076,0.01692352818155831,-2.5602904234200974e-08,0.016923502578654076,0.01692352818155831
"rwa","LEO700","RWA_LEO700_B60_H1_L2_S306",46,0.012027636239545173,0.012027748183570731,-1.1194402555793348e-07,0.01016555757302305,0.010165655272810355,-9.769978730547746e-08,0.005130034863300943,0.005130104056519009
"rwa","LEO700","RWA_LEO700_B60_H1_L2_S307",39,0.018645397320297498,0.01864556902607674,-1.71705779240805e-07,0.017287894854178802,0.017288048068682355,-1.5321450355307298e-07,-0.015822192415212977,-0.015822344407057154
"rwa","LEO700","RWA_LEO700_B60_H1_L2_S308",36,0.03290861260605467,0.03290858783109309,2.477496157532455e-08,0.028537922683689328,0.028537895199325352,2.7484363975677217e-08,0.026184632629156112,0.026184584614303383
"rwa","LEO700","RWA_LEO700_B60_H1_L3_S309",2,0.009763955136502194,0.009763992710202835,-3.757370064041976e-08,0.00948234722018242,0.009482382982969283,-3.5762786863846596e-08,0.00948234722018242,0.009482382982969283
"rwa","LEO700","RWA_LEO700_B60_H1_L3_S310",6,0.003692352673550489,0.003692345013263739,7.660286749974071e-09,0.0029251997669537855,0.0029252002015709884,-4.3461720290391415e-10,-0.002828655888636906,-0.002828652846316497
"rwa","LEO700","RWA_LEO700_B60_H1_L3_S311",6,0.009014401364242468,0.009014358446933348,4.291730911973324e-08,0.008353777478138605,0.008353742584586142,3.4893552462375577e-08,-0.008353777478138605,-0.008353742584586142
"rwa","LEO700","RWA_LEO700_B60_H2_L1_S313",22,0.014807488213732796,0.014807351772702313,1.3644103048250644e-07,0.013264382715252316,0.013264256394044922,1.2632120739361485e-07,-0.009742830812253736,-0.009742634726518939
"rwa","LEO700","RWA_LEO700_B60_H2_L1_S314",33,0.016103313772085227,0.016103373097282603,-5.932519737614217e-08,0.014566873984806467,0.01456692284255317,-4.885774670428111e-08,0.008536070969068643,0.008536037464033471
"rwa","LEO700","RWA_LEO700_B60_H2_L1_S316",18,0.037005002389338224,0.037005206004415835,-2.0361507761107456e-07,0.036639561379949254,0.03663976039323542,-1.9901328616317437e-07,0.036639561379949254,0.03663976039323542
"rwa","LEO700","RWA_LEO700_B60_H2_L2_S317",14,0.01606826136195134,0.016068348030040484,-8.666808914287172e-08,0.014716197789779732,0.014716260800404208,-6.301062447679195e-08,0.014716197789779732,0.014716260800404208
"rwa","LEO700","RWA_LEO700_B60_H2_L2_S318",41,0.020779253352596956,0.020779471959574466,-2.1860697750966662e-07,0.01911004955721338,0.019110243126931718,-1.9356971833750514e-07,0.010643530178179103,0.01064363535857055
"rwa","LEO700","RWA_LEO700_B60_H2_L2_S319",21,0.04135090571819266,0.041350993134285426,-8.741609276718965e-08,0.04081821765395857,0.0408182904567747,-7.280281612981332e-08,0.04081821765395857,0.0408182904567747
"rwa","LEO700","RWA_LEO700_B60_H2_L2_S320",21,0.016034232972007942,0.016034131004197198,1.0196781074361949e-07,0.014542332344821522,0.014542228320524809,1.0402429671298175e-07,-0.01068123247297037,-0.010681082184116045
"rwa","LEO700","RWA_LEO700_B60_H2_L3_S321",6,0.010702703755158433,0.010702668533123131,3.522203530226253e-08,0.00949545573287954,0.009495428150209288,2.7582670251991015e-08,-0.00949545573287954,-0.009495428150209288
