candidate,receipt,formal_eligible,component,test_orbit,n_units,n_windows,reference_rmse,candidate_rmse,delta_rmse,rmse_pass_at_1e-12,reference_mae,candidate_mae,delta_mae,mae_pass_at_1e-12,failed_metrics
source_only_temporal_tcn_unit_first_relative,temporal_tcn_unit_first_source_gate_20261001_remote.json,True,bat,LEO500,70,1377,1.9458075686003256,1.9458081191183267,5.505180011855515e-07,False,1.2965988587913477,1.296599029013882,1.7022253429033185e-07,False,rmse;mae
source_only_temporal_tcn_unit_first_relative,temporal_tcn_unit_first_source_gate_20261001_remote.json,True,bat,LEO550,68,1178,1.7944888327735873,1.7944887629170811,-6.9856506135224095e-08,True,1.1889396841474829,1.1889396851295517,9.820688706696501e-10,False,mae
source_only_temporal_tcn_unit_first_relative,temporal_tcn_unit_first_source_gate_20261001_remote.json,True,bat,LEO700,65,1126,2.3908374358972697,2.3908075047515971,-2.9931145672623671e-05,True,1.5583111231774527,1.5582924836955012,-1.8639481951465697e-05,True,
source_only_temporal_tcn_unit_first_relative,temporal_tcn_unit_first_source_gate_20261001_remote.json,True,rwa,LEO500,78,2352,0.020750278352438312,0.020725184121509602,-2.5094230928709993e-05,True,0.015583504892392552,0.015584468283200948,9.6339080839571989e-07,False,mae
source_only_temporal_tcn_unit_first_relative,temporal_tcn_unit_first_source_gate_20261001_remote.json,True,rwa,LEO550,79,2324,0.020271678060433281,0.020271678365510006,3.0507672429957999e-10,False,0.01505406402486654,0.015054063977098185,-4.7768355243560379e-11,True,rmse
source_only_temporal_tcn_unit_first_relative,temporal_tcn_unit_first_source_gate_20261001_remote.json,True,rwa,LEO700,83,2375,0.021490337094875866,0.021490337528041196,4.3316532999382318e-10,False,0.016712293430036058,0.01671229249914483,-9.3089122868428298e-10,True,rmse
source_only_temporal_tcn_unit_first_relative_residual_centered,temporal_tcn_unit_first_residual_centered_source_gate_20261001_remote.json,True,bat,LEO500,70,1377,1.9458075686003256,1.9458081191183267,5.505180011855515e-07,False,1.2965988587913477,1.296599029013882,1.7022253429033185e-07,False,rmse;mae
source_only_temporal_tcn_unit_first_relative_residual_centered,temporal_tcn_unit_first_residual_centered_source_gate_20261001_remote.json,True,bat,LEO550,68,1178,1.7944888327735873,1.7944887629170811,-6.9856506135224095e-08,True,1.1889396841474829,1.1889396851295517,9.820688706696501e-10,False,mae
source_only_temporal_tcn_unit_first_relative_residual_centered,temporal_tcn_unit_first_residual_centered_source_gate_20261001_remote.json,True,bat,LEO700,65,1126,2.3908374358972697,2.3908073726542862,-3.0063242983491278e-05,True,1.5583111231774527,1.5582925316087028,-1.8591568749837251e-05,True,
source_only_temporal_tcn_unit_first_relative_residual_centered,temporal_tcn_unit_first_residual_centered_source_gate_20261001_remote.json,True,rwa,LEO500,78,2352,0.020750278352438312,0.02072511343967948,-2.5164912758831454e-05,True,0.015583504892392552,0.015582983999944547,-5.2089244800476719e-07,True,
source_only_temporal_tcn_unit_first_relative_residual_centered,temporal_tcn_unit_first_residual_centered_source_gate_20261001_remote.json,True,rwa,LEO550,79,2324,0.020271678060433281,0.020271678365510006,3.0507672429957999e-10,False,0.01505406402486654,0.015054063977098185,-4.7768355243560379e-11,True,rmse
source_only_temporal_tcn_unit_first_relative_residual_centered,temporal_tcn_unit_first_residual_centered_source_gate_20261001_remote.json,True,rwa,LEO700,83,2375,0.021490337094875866,0.021490337528041196,4.3316532999382318e-10,False,0.016712293430036058,0.01671229249914483,-9.3089122868428298e-10,True,rmse
source_only_temporal_tcn_unit_first_relative_residual_centered_l1,temporal_tcn_unit_first_residual_centered_l1_source_gate_20261001_remote.json,True,bat,LEO500,70,1377,1.9458075686003256,1.9458081191183267,5.505180011855515e-07,False,1.2965988587913477,1.296599029013882,1.7022253429033185e-07,False,rmse;mae
source_only_temporal_tcn_unit_first_relative_residual_centered_l1,temporal_tcn_unit_first_residual_centered_l1_source_gate_20261001_remote.json,True,bat,LEO550,68,1178,1.7944888327735873,1.7944887629170811,-6.9856506135224095e-08,True,1.1889396841474829,1.1889396851295517,9.820688706696501e-10,False,mae
source_only_temporal_tcn_unit_first_relative_residual_centered_l1,temporal_tcn_unit_first_residual_centered_l1_source_gate_20261001_remote.json,True,bat,LEO700,65,1126,2.3908374358972697,2.3908179961361187,-1.9439761151041068e-05,True,1.5583111231774527,1.5582969244938787,-1.4198683573996007e-05,True,
source_only_temporal_tcn_unit_first_relative_residual_centered_l1,temporal_tcn_unit_first_residual_centered_l1_source_gate_20261001_remote.json,True,rwa,LEO500,78,2352,0.020750278352438312,0.020694968224324675,-5.5310128113637141e-05,True,0.015583504892392552,0.01556659297650779,-1.6911915884761791e-05,True,
source_only_temporal_tcn_unit_first_relative_residual_centered_l1,temporal_tcn_unit_first_residual_centered_l1_source_gate_20261001_remote.json,True,rwa,LEO550,79,2324,0.020271678060433281,0.020261411865148574,-1.0266195284706903e-05,True,0.01505406402486654,0.015077426114116383,2.3362089249842621e-05,False,mae
source_only_temporal_tcn_unit_first_relative_residual_centered_l1,temporal_tcn_unit_first_residual_centered_l1_source_gate_20261001_remote.json,True,rwa,LEO700,83,2375,0.021490337094875866,0.020970761883052441,-0.00051957521182342467,True,0.016712293430036058,0.016335087161972559,-0.00037720626806349994,True,
source_only_temporal_tcn_unit_first_relative_residual_centered_l1_worst_direction,temporal_tcn_unit_first_residual_centered_l1_worst_direction_source_gate_20261001_remote.json,True,bat,LEO500,70,1377,1.9458075686003256,1.8936691826422709,-0.052138385958054645,True,1.2965988587913477,1.2788272536337408,-0.017771605157606896,True,
source_only_temporal_tcn_unit_first_relative_residual_centered_l1_worst_direction,temporal_tcn_unit_first_residual_centered_l1_worst_direction_source_gate_20261001_remote.json,True,bat,LEO550,68,1178,1.7944888327735873,1.6930899325381883,-0.10139890023539899,True,1.1889396841474829,1.1234746200344028,-0.065465064113080063,True,
source_only_temporal_tcn_unit_first_relative_residual_centered_l1_worst_direction,temporal_tcn_unit_first_residual_centered_l1_worst_direction_source_gate_20261001_remote.json,True,bat,LEO700,65,1126,2.3908374358972697,2.1213213388412768,-0.26951609705599289,True,1.5583111231774527,1.2358915022918442,-0.32241962088560849,True,
source_only_temporal_tcn_unit_first_relative_residual_centered_l1_worst_direction,temporal_tcn_unit_first_residual_centered_l1_worst_direction_source_gate_20261001_remote.json,True,rwa,LEO500,78,2352,0.020750278352438312,0.020694968224324675,-5.5310128113637141e-05,True,0.015583504892392552,0.01556659297650779,-1.6911915884761791e-05,True,
source_only_temporal_tcn_unit_first_relative_residual_centered_l1_worst_direction,temporal_tcn_unit_first_residual_centered_l1_worst_direction_source_gate_20261001_remote.json,True,rwa,LEO550,79,2324,0.020271678060433281,0.020261411865148574,-1.0266195284706903e-05,True,0.01505406402486654,0.015077426114116383,2.3362089249842621e-05,False,mae
source_only_temporal_tcn_unit_first_relative_residual_centered_l1_worst_direction,temporal_tcn_unit_first_residual_centered_l1_worst_direction_source_gate_20261001_remote.json,True,rwa,LEO700,83,2375,0.021490337094875866,0.020787393656109047,-0.00070294343876681903,True,0.016712293430036058,0.016139686739102228,-0.00057260669093383079,True,
source_only_temporal_tcn_unit_first_relative_residual_centered_rwa_leo550_alpha_floor,temporal_tcn_unit_first_residual_centered_rwa_leo550_floor_source_gate_20261001_remote.json,True,bat,LEO500,70,1377,1.9458075686003256,1.9458081191183267,5.505180011855515e-07,False,1.2965988587913477,1.296599029013882,1.7022253429033185e-07,False,rmse;mae
source_only_temporal_tcn_unit_first_relative_residual_centered_rwa_leo550_alpha_floor,temporal_tcn_unit_first_residual_centered_rwa_leo550_floor_source_gate_20261001_remote.json,True,bat,LEO550,68,1178,1.7944888327735873,1.7944887629170811,-6.9856506135224095e-08,True,1.1889396841474829,1.1889396851295517,9.820688706696501e-10,False,mae
source_only_temporal_tcn_unit_first_relative_residual_centered_rwa_leo550_alpha_floor,temporal_tcn_unit_first_residual_centered_rwa_leo550_floor_source_gate_20261001_remote.json,True,bat,LEO700,65,1126,2.3908374358972697,2.3908073726542862,-3.0063242983491278e-05,True,1.5583111231774527,1.5582925316087028,-1.8591568749837251e-05,True,
source_only_temporal_tcn_unit_first_relative_residual_centered_rwa_leo550_alpha_floor,temporal_tcn_unit_first_residual_centered_rwa_leo550_floor_source_gate_20261001_remote.json,True,rwa,LEO500,78,2352,0.020750278352438312,0.02072511343967948,-2.5164912758831454e-05,True,0.015583504892392552,0.015582983999944547,-5.2089244800476719e-07,True,
source_only_temporal_tcn_unit_first_relative_residual_centered_rwa_leo550_alpha_floor,temporal_tcn_unit_first_residual_centered_rwa_leo550_floor_source_gate_20261001_remote.json,True,rwa,LEO550,79,2324,0.020271678060433281,0.020271664723422712,-1.3337010568853502e-08,True,0.01505406402486654,0.015054062536072867,-1.4887936734125917e-09,True,
source_only_temporal_tcn_unit_first_relative_residual_centered_rwa_leo550_alpha_floor,temporal_tcn_unit_first_residual_centered_rwa_leo550_floor_source_gate_20261001_remote.json,True,rwa,LEO700,83,2375,0.021490337094875866,0.021490337528041196,4.3316532999382318e-10,False,0.016712293430036058,0.01671229249914483,-9.3089122868428298e-10,True,rmse
source_only_temporal_tcn_unit_first_relative_residual_centered_uniform_alpha_floor,temporal_tcn_unit_first_residual_centered_uniform_alpha_floor_source_gate_20261001_remote.json,True,bat,LEO500,70,1377,1.9458075686003256,1.9458039118294947,-3.6567708308066216e-06,True,1.2965988587913477,1.2965975128997191,-1.3458916285902234e-06,True,
source_only_temporal_tcn_unit_first_relative_residual_centered_uniform_alpha_floor,temporal_tcn_unit_first_residual_centered_uniform_alpha_floor_source_gate_20261001_remote.json,True,bat,LEO550,68,1178,1.7944888327735873,1.7944792392764701,-9.5934971171551808e-06,True,1.1889396841474829,1.1889357521418609,-3.9320056219871447e-06,True,
source_only_temporal_tcn_unit_first_relative_residual_centered_uniform_alpha_floor,temporal_tcn_unit_first_residual_centered_uniform_alpha_floor_source_gate_20261001_remote.json,True,bat,LEO700,65,1126,2.3908374358972697,2.3908073726542862,-3.0063242983491278e-05,True,1.5583111231774527,1.5582925316087028,-1.8591568749837251e-05,True,
source_only_temporal_tcn_unit_first_relative_residual_centered_uniform_alpha_floor,temporal_tcn_unit_first_residual_centered_uniform_alpha_floor_source_gate_20261001_remote.json,True,rwa,LEO500,78,2352,0.020750278352438312,0.02072511343967948,-2.5164912758831454e-05,True,0.015583504892392552,0.015582983999944547,-5.2089244800476719e-07,True,
source_only_temporal_tcn_unit_first_relative_residual_centered_uniform_alpha_floor,temporal_tcn_unit_first_residual_centered_uniform_alpha_floor_source_gate_20261001_remote.json,True,rwa,LEO550,79,2324,0.020271678060433281,0.020271664723422712,-1.3337010568853502e-08,True,0.01505406402486654,0.015054062536072867,-1.4887936734125917e-09,True,
source_only_temporal_tcn_unit_first_relative_residual_centered_uniform_alpha_floor,temporal_tcn_unit_first_residual_centered_uniform_alpha_floor_source_gate_20261001_remote.json,True,rwa,LEO700,83,2375,0.021490337094875866,0.021490307719580153,-2.9375295713257588e-08,True,0.016712293430036058,0.016712271758414634,-2.1671621424496079e-08,True,
