candidate,receipt,component,comparison,direction_or_pair,n_units_left_or_target,n_windows_left_or_target,n_units_right,n_windows_right,candidate_rmse_or_ks,control_rmse_or_ks,delta_rmse_or_ks,candidate_mae,control_mae,delta_mae,rmse_or_ks_pass_at_1e-12,mae_pass_at_1e-12,p_value
source_only_temporal_tcn_unit_first_relative,temporal_tcn_unit_first_source_gate_20261001_remote.json,bat,directed_transfer,LEO500->LEO550,68,1178,,,2.3101868159248711,2.3101868159248711,0,1.5492044811821677,1.5492044811821677,0,True,True,
source_only_temporal_tcn_unit_first_relative,temporal_tcn_unit_first_source_gate_20261001_remote.json,bat,directed_transfer,LEO500->LEO700,65,1126,,,3.7781689016849831,3.7782273038351253,-5.8402150142189413e-05,2.4275424556453378,2.4275718135740756,-2.9357928737816508e-05,True,True,
source_only_temporal_tcn_unit_first_relative,temporal_tcn_unit_first_source_gate_20261001_remote.json,bat,directed_transfer,LEO550->LEO500,70,1377,,,4.8421740828903417,4.8421740828903417,0,2.7084681127587644,2.7084681127587644,0,True,True,
source_only_temporal_tcn_unit_first_relative,temporal_tcn_unit_first_source_gate_20261001_remote.json,bat,directed_transfer,LEO550->LEO700,65,1126,,,4.7610158686181778,4.7610937858802806,-7.7917262102822349e-05,3.1607726491240156,3.1608175570645907,-4.4907940575100724e-05,True,True,
source_only_temporal_tcn_unit_first_relative,temporal_tcn_unit_first_source_gate_20261001_remote.json,bat,directed_transfer,LEO700->LEO500,70,1377,,,6.1569104051559913,6.1569104051559913,0,3.7728216224664535,3.7728216224664535,0,True,True,
source_only_temporal_tcn_unit_first_relative,temporal_tcn_unit_first_source_gate_20261001_remote.json,bat,directed_transfer,LEO700->LEO550,68,1178,,,4.1845165883921753,4.1845165883921753,0,2.7431020803759703,2.7431020803759703,0,True,True,
source_only_temporal_tcn_unit_first_relative,temporal_tcn_unit_first_source_gate_20261001_remote.json,bat,residual_ks,LEO500<->LEO550,68,1178,70,1377,0.13263559841342057,0.13263559841342057,0,,,,True,not_applicable,not stored in original receipt; residual-level replay pending
source_only_temporal_tcn_unit_first_relative,temporal_tcn_unit_first_source_gate_20261001_remote.json,bat,residual_ks,LEO500<->LEO700,65,1126,70,1377,0.24453693061988957,0.24453693061988957,0,,,,True,not_applicable,not stored in original receipt; residual-level replay pending
source_only_temporal_tcn_unit_first_relative,temporal_tcn_unit_first_source_gate_20261001_remote.json,bat,residual_ks,LEO550<->LEO700,65,1126,68,1178,0.14387211367673181,0.14387211367673181,0,,,,True,not_applicable,not stored in original receipt; residual-level replay pending
source_only_temporal_tcn_unit_first_relative,temporal_tcn_unit_first_source_gate_20261001_remote.json,rwa,directed_transfer,LEO500->LEO550,79,2324,,,0.021684857595825682,0.021684857595825682,0,0.015586584514943106,0.015586584514943106,0,True,True,
source_only_temporal_tcn_unit_first_relative,temporal_tcn_unit_first_source_gate_20261001_remote.json,rwa,directed_transfer,LEO500->LEO700,83,2375,,,0.022576998214863996,0.022576998214863996,0,0.017268392108999022,0.017268392108999022,0,True,True,
source_only_temporal_tcn_unit_first_relative,temporal_tcn_unit_first_source_gate_20261001_remote.json,rwa,directed_transfer,LEO550->LEO500,78,2352,,,0.021834027045588816,0.021877929291163542,-4.3902245574725662e-05,0.016726906941065472,0.016751352294944757,-2.4445353879284926e-05,True,True,
source_only_temporal_tcn_unit_first_relative,temporal_tcn_unit_first_source_gate_20261001_remote.json,rwa,directed_transfer,LEO550->LEO700,83,2375,,,0.022709281990068379,0.022709281990068379,0,0.017751089082374608,0.017751089082374608,0,True,True,
source_only_temporal_tcn_unit_first_relative,temporal_tcn_unit_first_source_gate_20261001_remote.json,rwa,directed_transfer,LEO700->LEO500,78,2352,,,0.022783037715682495,0.022877765467294565,-9.4727751612070504e-05,0.016542939714211377,0.016584350767913508,-4.1411053702131162e-05,True,True,
source_only_temporal_tcn_unit_first_relative,temporal_tcn_unit_first_source_gate_20261001_remote.json,rwa,directed_transfer,LEO700->LEO550,79,2324,,,0.021613884816951368,0.021613884816951368,0,0.016035585068350601,0.016035585068350601,0,True,True,
source_only_temporal_tcn_unit_first_relative,temporal_tcn_unit_first_source_gate_20261001_remote.json,rwa,residual_ks,LEO500<->LEO550,79,2324,78,2352,0.11318744365215966,0.1148881239242685,-0.0017006802721088454,,,,True,not_applicable,not stored in original receipt; residual-level replay pending
source_only_temporal_tcn_unit_first_relative,temporal_tcn_unit_first_source_gate_20261001_remote.json,rwa,residual_ks,LEO500<->LEO700,83,2375,78,2352,0.098375402792696021,0.10134747583243824,-0.0029720730397422152,,,,True,not_applicable,not stored in original receipt; residual-level replay pending
source_only_temporal_tcn_unit_first_relative,temporal_tcn_unit_first_source_gate_20261001_remote.json,rwa,residual_ks,LEO550<->LEO700,83,2375,79,2324,0.15532964942476674,0.15532964942476674,0,,,,True,not_applicable,not stored in original receipt; residual-level replay pending
source_only_temporal_tcn_unit_first_relative_residual_centered,temporal_tcn_unit_first_residual_centered_source_gate_20261001_remote.json,bat,directed_transfer,LEO500->LEO550,68,1178,,,2.3101868159248711,2.3101868159248711,0,1.5492044811821677,1.5492044811821677,0,True,True,
source_only_temporal_tcn_unit_first_relative_residual_centered,temporal_tcn_unit_first_residual_centered_source_gate_20261001_remote.json,bat,directed_transfer,LEO500->LEO700,65,1126,,,3.7781687858896817,3.7782273038351253,-5.8517945443536945e-05,2.427542440372612,2.4275718135740756,-2.9373201463567256e-05,True,True,
source_only_temporal_tcn_unit_first_relative_residual_centered,temporal_tcn_unit_first_residual_centered_source_gate_20261001_remote.json,bat,directed_transfer,LEO550->LEO500,70,1377,,,4.8421740828903417,4.8421740828903417,0,2.7084681127587644,2.7084681127587644,0,True,True,
source_only_temporal_tcn_unit_first_relative_residual_centered,temporal_tcn_unit_first_residual_centered_source_gate_20261001_remote.json,bat,directed_transfer,LEO550->LEO700,65,1126,,,4.7610155145563464,4.7610937858802806,-7.8271323934231418e-05,3.1607726281859292,3.1608175570645907,-4.4928878661476546e-05,True,True,
source_only_temporal_tcn_unit_first_relative_residual_centered,temporal_tcn_unit_first_residual_centered_source_gate_20261001_remote.json,bat,directed_transfer,LEO700->LEO500,70,1377,,,6.1569104051559913,6.1569104051559913,0,3.7728216224664535,3.7728216224664535,0,True,True,
source_only_temporal_tcn_unit_first_relative_residual_centered,temporal_tcn_unit_first_residual_centered_source_gate_20261001_remote.json,bat,directed_transfer,LEO700->LEO550,68,1178,,,4.1845165883921753,4.1845165883921753,0,2.7431020803759703,2.7431020803759703,0,True,True,
source_only_temporal_tcn_unit_first_relative_residual_centered,temporal_tcn_unit_first_residual_centered_source_gate_20261001_remote.json,bat,residual_ks,LEO500<->LEO550,68,1178,70,1377,0.13263559841342057,0.13263559841342057,0,,,,True,not_applicable,not stored in original receipt; residual-level replay pending
source_only_temporal_tcn_unit_first_relative_residual_centered,temporal_tcn_unit_first_residual_centered_source_gate_20261001_remote.json,bat,residual_ks,LEO500<->LEO700,65,1126,70,1377,0.24453693061988957,0.24453693061988957,0,,,,True,not_applicable,not stored in original receipt; residual-level replay pending
source_only_temporal_tcn_unit_first_relative_residual_centered,temporal_tcn_unit_first_residual_centered_source_gate_20261001_remote.json,bat,residual_ks,LEO550<->LEO700,65,1126,68,1178,0.14387211367673181,0.14387211367673181,0,,,,True,not_applicable,not stored in original receipt; residual-level replay pending
source_only_temporal_tcn_unit_first_relative_residual_centered,temporal_tcn_unit_first_residual_centered_source_gate_20261001_remote.json,rwa,directed_transfer,LEO500->LEO550,79,2324,,,0.021684857595825682,0.021684857595825682,0,0.015586584514943106,0.015586584514943106,0,True,True,
source_only_temporal_tcn_unit_first_relative_residual_centered,temporal_tcn_unit_first_residual_centered_source_gate_20261001_remote.json,rwa,directed_transfer,LEO500->LEO700,83,2375,,,0.022576998214863996,0.022576998214863996,0,0.017268392108999022,0.017268392108999022,0,True,True,
source_only_temporal_tcn_unit_first_relative_residual_centered,temporal_tcn_unit_first_residual_centered_source_gate_20261001_remote.json,rwa,directed_transfer,LEO550->LEO500,78,2352,,,0.021833752734765476,0.021877929291163542,-4.4176556398066447e-05,0.016725861575250005,0.016751352294944757,-2.5490719694751252e-05,True,True,
source_only_temporal_tcn_unit_first_relative_residual_centered,temporal_tcn_unit_first_residual_centered_source_gate_20261001_remote.json,rwa,directed_transfer,LEO550->LEO700,83,2375,,,0.022709281990068379,0.022709281990068379,0,0.017751089082374608,0.017751089082374608,0,True,True,
source_only_temporal_tcn_unit_first_relative_residual_centered,temporal_tcn_unit_first_residual_centered_source_gate_20261001_remote.json,rwa,directed_transfer,LEO700->LEO500,78,2352,,,0.022783082408646054,0.022877765467294565,-9.4683058648511315e-05,0.016542674478511557,0.016584350767913508,-4.1676289401951228e-05,True,True,
source_only_temporal_tcn_unit_first_relative_residual_centered,temporal_tcn_unit_first_residual_centered_source_gate_20261001_remote.json,rwa,directed_transfer,LEO700->LEO550,79,2324,,,0.021613884816951368,0.021613884816951368,0,0.016035585068350601,0.016035585068350601,0,True,True,
source_only_temporal_tcn_unit_first_relative_residual_centered,temporal_tcn_unit_first_residual_centered_source_gate_20261001_remote.json,rwa,residual_ks,LEO500<->LEO550,79,2324,78,2352,0.11318744365215966,0.1148881239242685,-0.0017006802721088454,,,,True,not_applicable,not stored in original receipt; residual-level replay pending
source_only_temporal_tcn_unit_first_relative_residual_centered,temporal_tcn_unit_first_residual_centered_source_gate_20261001_remote.json,rwa,residual_ks,LEO500<->LEO700,83,2375,78,2352,0.098375402792696021,0.10134747583243824,-0.0029720730397422152,,,,True,not_applicable,not stored in original receipt; residual-level replay pending
source_only_temporal_tcn_unit_first_relative_residual_centered,temporal_tcn_unit_first_residual_centered_source_gate_20261001_remote.json,rwa,residual_ks,LEO550<->LEO700,83,2375,79,2324,0.15532964942476674,0.15532964942476674,0,,,,True,not_applicable,not stored in original receipt; residual-level replay pending
source_only_temporal_tcn_unit_first_relative_residual_centered_l1,temporal_tcn_unit_first_residual_centered_l1_source_gate_20261001_remote.json,bat,directed_transfer,LEO500->LEO550,68,1178,,,2.3101868159248711,2.3101868159248711,0,1.5492044811821677,1.5492044811821677,0,True,True,
source_only_temporal_tcn_unit_first_relative_residual_centered_l1,temporal_tcn_unit_first_residual_centered_l1_source_gate_20261001_remote.json,bat,directed_transfer,LEO500->LEO700,65,1126,,,3.7781751951334566,3.7782273038351253,-5.2108701668718282e-05,2.4275423317236964,2.4275718135740756,-2.9481850379209362e-05,True,True,
source_only_temporal_tcn_unit_first_relative_residual_centered_l1,temporal_tcn_unit_first_residual_centered_l1_source_gate_20261001_remote.json,bat,directed_transfer,LEO550->LEO500,70,1377,,,4.8421740828903417,4.8421740828903417,0,2.7084681127587644,2.7084681127587644,0,True,True,
source_only_temporal_tcn_unit_first_relative_residual_centered_l1,temporal_tcn_unit_first_residual_centered_l1_source_gate_20261001_remote.json,bat,directed_transfer,LEO550->LEO700,65,1126,,,4.7610125498332669,4.7610937858802806,-8.1236047013710788e-05,3.1607688364556696,3.1608175570645907,-4.8720608921026809e-05,True,True,
source_only_temporal_tcn_unit_first_relative_residual_centered_l1,temporal_tcn_unit_first_residual_centered_l1_source_gate_20261001_remote.json,bat,directed_transfer,LEO700->LEO500,70,1377,,,6.1569104051559913,6.1569104051559913,0,3.7728216224664535,3.7728216224664535,0,True,True,
source_only_temporal_tcn_unit_first_relative_residual_centered_l1,temporal_tcn_unit_first_residual_centered_l1_source_gate_20261001_remote.json,bat,directed_transfer,LEO700->LEO550,68,1178,,,4.1845165883921753,4.1845165883921753,0,2.7431020803759703,2.7431020803759703,0,True,True,
source_only_temporal_tcn_unit_first_relative_residual_centered_l1,temporal_tcn_unit_first_residual_centered_l1_source_gate_20261001_remote.json,bat,residual_ks,LEO500<->LEO550,68,1178,70,1377,0.13263559841342057,0.13263559841342057,0,,,,True,not_applicable,not stored in original receipt; residual-level replay pending
source_only_temporal_tcn_unit_first_relative_residual_centered_l1,temporal_tcn_unit_first_residual_centered_l1_source_gate_20261001_remote.json,bat,residual_ks,LEO500<->LEO700,65,1126,70,1377,0.24453693061988957,0.24453693061988957,0,,,,True,not_applicable,not stored in original receipt; residual-level replay pending
source_only_temporal_tcn_unit_first_relative_residual_centered_l1,temporal_tcn_unit_first_residual_centered_l1_source_gate_20261001_remote.json,bat,residual_ks,LEO550<->LEO700,65,1126,68,1178,0.14387211367673181,0.14387211367673181,0,,,,True,not_applicable,not stored in original receipt; residual-level replay pending
source_only_temporal_tcn_unit_first_relative_residual_centered_l1,temporal_tcn_unit_first_residual_centered_l1_source_gate_20261001_remote.json,rwa,directed_transfer,LEO500->LEO550,79,2324,,,0.021526082974664514,0.021684857595825682,-0.00015877462116116806,0.015494223341839501,0.015586584514943106,-9.236117310360524e-05,True,True,
source_only_temporal_tcn_unit_first_relative_residual_centered_l1,temporal_tcn_unit_first_residual_centered_l1_source_gate_20261001_remote.json,rwa,directed_transfer,LEO500->LEO700,83,2375,,,0.021992225073827133,0.022576998214863996,-0.00058477314103686298,0.016760651207960969,0.017268392108999022,-0.00050774090103805278,True,True,
source_only_temporal_tcn_unit_first_relative_residual_centered_l1,temporal_tcn_unit_first_residual_centered_l1_source_gate_20261001_remote.json,rwa,directed_transfer,LEO550->LEO500,78,2352,,,0.021826762199181754,0.021877929291163542,-5.1167091981788038e-05,0.016704199594934008,0.016751352294944757,-4.7152700010748977e-05,True,True,
source_only_temporal_tcn_unit_first_relative_residual_centered_l1,temporal_tcn_unit_first_residual_centered_l1_source_gate_20261001_remote.json,rwa,directed_transfer,LEO550->LEO700,83,2375,,,0.022311618909883923,0.022709281990068379,-0.00039766308018445579,0.017396218782654155,0.017751089082374608,-0.0003548702997204535,True,True,
source_only_temporal_tcn_unit_first_relative_residual_centered_l1,temporal_tcn_unit_first_residual_centered_l1_source_gate_20261001_remote.json,rwa,directed_transfer,LEO700->LEO500,78,2352,,,0.02261742490781446,0.022877765467294565,-0.00026034055948010587,0.016445496594511791,0.016584350767913508,-0.00013885417340171735,True,True,
source_only_temporal_tcn_unit_first_relative_residual_centered_l1,temporal_tcn_unit_first_residual_centered_l1_source_gate_20261001_remote.json,rwa,directed_transfer,LEO700->LEO550,79,2324,,,0.021441237321414106,0.021613884816951368,-0.000172647495537262,0.015950980203337618,0.016035585068350601,-8.4604865012983393e-05,True,True,
source_only_temporal_tcn_unit_first_relative_residual_centered_l1,temporal_tcn_unit_first_residual_centered_l1_source_gate_20261001_remote.json,rwa,residual_ks,LEO500<->LEO550,79,2324,78,2352,0.11481128596016719,0.1148881239242685,-7.6837964101308942e-05,,,,True,not_applicable,not stored in original receipt; residual-level replay pending
source_only_temporal_tcn_unit_first_relative_residual_centered_l1,temporal_tcn_unit_first_residual_centered_l1_source_gate_20261001_remote.json,rwa,residual_ks,LEO500<->LEO700,83,2375,78,2352,0.098738811313999281,0.10134747583243824,-0.0026086645184389551,,,,True,not_applicable,not stored in original receipt; residual-level replay pending
source_only_temporal_tcn_unit_first_relative_residual_centered_l1,temporal_tcn_unit_first_residual_centered_l1_source_gate_20261001_remote.json,rwa,residual_ks,LEO550<->LEO700,83,2375,79,2324,0.15486239695624604,0.15532964942476674,-0.0004672524685206958,,,,True,not_applicable,not stored in original receipt; residual-level replay pending
source_only_temporal_tcn_unit_first_relative_residual_centered_l1_worst_direction,temporal_tcn_unit_first_residual_centered_l1_worst_direction_source_gate_20261001_remote.json,bat,directed_transfer,LEO500->LEO550,68,1178,,,1.9501497161727235,2.3101868159248711,-0.36003709975214759,1.3540004708737781,1.5492044811821677,-0.19520401030838963,True,True,
source_only_temporal_tcn_unit_first_relative_residual_centered_l1_worst_direction,temporal_tcn_unit_first_residual_centered_l1_worst_direction_source_gate_20261001_remote.json,bat,directed_transfer,LEO500->LEO700,65,1126,,,2.3172390818674398,3.7782273038351253,-1.4609882219676855,1.5362054673246841,2.4275718135740756,-0.89136634624939148,True,True,
source_only_temporal_tcn_unit_first_relative_residual_centered_l1_worst_direction,temporal_tcn_unit_first_residual_centered_l1_worst_direction_source_gate_20261001_remote.json,bat,directed_transfer,LEO550->LEO500,70,1377,,,2.9064154378778442,4.8421740828903417,-1.9357586450124975,1.959522937836373,2.7084681127587644,-0.74894517492239143,True,True,
source_only_temporal_tcn_unit_first_relative_residual_centered_l1_worst_direction,temporal_tcn_unit_first_residual_centered_l1_worst_direction_source_gate_20261001_remote.json,bat,directed_transfer,LEO550->LEO700,65,1126,,,3.4134773963768956,4.7610937858802806,-1.347616389503385,2.1112963436899266,3.1608175570645907,-1.0495212133746641,True,True,
source_only_temporal_tcn_unit_first_relative_residual_centered_l1_worst_direction,temporal_tcn_unit_first_residual_centered_l1_worst_direction_source_gate_20261001_remote.json,bat,directed_transfer,LEO700->LEO500,70,1377,,,3.6699837024035014,6.1569104051559913,-2.4869267027524899,2.5623538213820565,3.7728216224664535,-1.210467801084397,True,True,
source_only_temporal_tcn_unit_first_relative_residual_centered_l1_worst_direction,temporal_tcn_unit_first_residual_centered_l1_worst_direction_source_gate_20261001_remote.json,bat,directed_transfer,LEO700->LEO550,68,1178,,,3.4482250629101427,4.1845165883921753,-0.73629152548203258,2.2481277899983447,2.7431020803759703,-0.49497429037762553,True,True,
source_only_temporal_tcn_unit_first_relative_residual_centered_l1_worst_direction,temporal_tcn_unit_first_residual_centered_l1_worst_direction_source_gate_20261001_remote.json,bat,residual_ks,LEO500<->LEO550,68,1178,70,1377,0.094608490443904403,0.13263559841342057,-0.038027107969516166,,,,True,not_applicable,not stored in original receipt; residual-level replay pending
source_only_temporal_tcn_unit_first_relative_residual_centered_l1_worst_direction,temporal_tcn_unit_first_residual_centered_l1_worst_direction_source_gate_20261001_remote.json,bat,residual_ks,LEO500<->LEO700,65,1126,70,1377,0.16211007789735196,0.24453693061988957,-0.082426852722537608,,,,True,not_applicable,not stored in original receipt; residual-level replay pending
source_only_temporal_tcn_unit_first_relative_residual_centered_l1_worst_direction,temporal_tcn_unit_first_residual_centered_l1_worst_direction_source_gate_20261001_remote.json,bat,residual_ks,LEO550<->LEO700,65,1126,68,1178,0.048976650070716242,0.14387211367673181,-0.094895463606015557,,,,True,not_applicable,not stored in original receipt; residual-level replay pending
source_only_temporal_tcn_unit_first_relative_residual_centered_l1_worst_direction,temporal_tcn_unit_first_residual_centered_l1_worst_direction_source_gate_20261001_remote.json,rwa,directed_transfer,LEO500->LEO550,79,2324,,,0.021526082974664514,0.021684857595825682,-0.00015877462116116806,0.015494223341839501,0.015586584514943106,-9.236117310360524e-05,True,True,
source_only_temporal_tcn_unit_first_relative_residual_centered_l1_worst_direction,temporal_tcn_unit_first_residual_centered_l1_worst_direction_source_gate_20261001_remote.json,rwa,directed_transfer,LEO500->LEO700,83,2375,,,0.021716513031149853,0.022576998214863996,-0.00086048518371414223,0.016483559245842289,0.017268392108999022,-0.00078483286315673279,True,True,
source_only_temporal_tcn_unit_first_relative_residual_centered_l1_worst_direction,temporal_tcn_unit_first_residual_centered_l1_worst_direction_source_gate_20261001_remote.json,rwa,directed_transfer,LEO550->LEO500,78,2352,,,0.021826762199181754,0.021877929291163542,-5.1167091981788038e-05,0.016704199594934008,0.016751352294944757,-4.7152700010748977e-05,True,True,
source_only_temporal_tcn_unit_first_relative_residual_centered_l1_worst_direction,temporal_tcn_unit_first_residual_centered_l1_worst_direction_source_gate_20261001_remote.json,rwa,directed_transfer,LEO550->LEO700,83,2375,,,0.02219529441959216,0.022709281990068379,-0.00051398757047621882,0.017221716796401523,0.017751089082374608,-0.00052937228597308567,True,True,
source_only_temporal_tcn_unit_first_relative_residual_centered_l1_worst_direction,temporal_tcn_unit_first_residual_centered_l1_worst_direction_source_gate_20261001_remote.json,rwa,directed_transfer,LEO700->LEO500,78,2352,,,0.02261742490781446,0.022877765467294565,-0.00026034055948010587,0.016445496594511791,0.016584350767913508,-0.00013885417340171735,True,True,
source_only_temporal_tcn_unit_first_relative_residual_centered_l1_worst_direction,temporal_tcn_unit_first_residual_centered_l1_worst_direction_source_gate_20261001_remote.json,rwa,directed_transfer,LEO700->LEO550,79,2324,,,0.021441237321414106,0.021613884816951368,-0.000172647495537262,0.015950980203337618,0.016035585068350601,-8.4604865012983393e-05,True,True,
source_only_temporal_tcn_unit_first_relative_residual_centered_l1_worst_direction,temporal_tcn_unit_first_residual_centered_l1_worst_direction_source_gate_20261001_remote.json,rwa,residual_ks,LEO500<->LEO550,79,2324,78,2352,0.11481128596016719,0.1148881239242685,-7.6837964101308942e-05,,,,True,not_applicable,not stored in original receipt; residual-level replay pending
source_only_temporal_tcn_unit_first_relative_residual_centered_l1_worst_direction,temporal_tcn_unit_first_residual_centered_l1_worst_direction_source_gate_20261001_remote.json,rwa,residual_ks,LEO500<->LEO700,83,2375,78,2352,0.096580021482277123,0.10134747583243824,-0.0047674543501611127,,,,True,not_applicable,not stored in original receipt; residual-level replay pending
source_only_temporal_tcn_unit_first_relative_residual_centered_l1_worst_direction,temporal_tcn_unit_first_residual_centered_l1_worst_direction_source_gate_20261001_remote.json,rwa,residual_ks,LEO550<->LEO700,83,2375,79,2324,0.15521876981610652,0.15532964942476674,-0.00011087960866021374,,,,True,not_applicable,not stored in original receipt; residual-level replay pending
source_only_temporal_tcn_unit_first_relative_residual_centered_rwa_leo550_alpha_floor,temporal_tcn_unit_first_residual_centered_rwa_leo550_floor_source_gate_20261001_remote.json,bat,directed_transfer,LEO500->LEO550,68,1178,,,2.3101868159248711,2.3101868159248711,0,1.5492044811821677,1.5492044811821677,0,True,True,
source_only_temporal_tcn_unit_first_relative_residual_centered_rwa_leo550_alpha_floor,temporal_tcn_unit_first_residual_centered_rwa_leo550_floor_source_gate_20261001_remote.json,bat,directed_transfer,LEO500->LEO700,65,1126,,,3.7781687858896817,3.7782273038351253,-5.8517945443536945e-05,2.427542440372612,2.4275718135740756,-2.9373201463567256e-05,True,True,
source_only_temporal_tcn_unit_first_relative_residual_centered_rwa_leo550_alpha_floor,temporal_tcn_unit_first_residual_centered_rwa_leo550_floor_source_gate_20261001_remote.json,bat,directed_transfer,LEO550->LEO500,70,1377,,,4.8421740828903417,4.8421740828903417,0,2.7084681127587644,2.7084681127587644,0,True,True,
source_only_temporal_tcn_unit_first_relative_residual_centered_rwa_leo550_alpha_floor,temporal_tcn_unit_first_residual_centered_rwa_leo550_floor_source_gate_20261001_remote.json,bat,directed_transfer,LEO550->LEO700,65,1126,,,4.7610155145563464,4.7610937858802806,-7.8271323934231418e-05,3.1607726281859292,3.1608175570645907,-4.4928878661476546e-05,True,True,
source_only_temporal_tcn_unit_first_relative_residual_centered_rwa_leo550_alpha_floor,temporal_tcn_unit_first_residual_centered_rwa_leo550_floor_source_gate_20261001_remote.json,bat,directed_transfer,LEO700->LEO500,70,1377,,,6.1569104051559913,6.1569104051559913,0,3.7728216224664535,3.7728216224664535,0,True,True,
source_only_temporal_tcn_unit_first_relative_residual_centered_rwa_leo550_alpha_floor,temporal_tcn_unit_first_residual_centered_rwa_leo550_floor_source_gate_20261001_remote.json,bat,directed_transfer,LEO700->LEO550,68,1178,,,4.1845165883921753,4.1845165883921753,0,2.7431020803759703,2.7431020803759703,0,True,True,
source_only_temporal_tcn_unit_first_relative_residual_centered_rwa_leo550_alpha_floor,temporal_tcn_unit_first_residual_centered_rwa_leo550_floor_source_gate_20261001_remote.json,bat,residual_ks,LEO500<->LEO550,68,1178,70,1377,0.13263559841342057,0.13263559841342057,0,,,,True,not_applicable,not stored in original receipt; residual-level replay pending
source_only_temporal_tcn_unit_first_relative_residual_centered_rwa_leo550_alpha_floor,temporal_tcn_unit_first_residual_centered_rwa_leo550_floor_source_gate_20261001_remote.json,bat,residual_ks,LEO500<->LEO700,65,1126,70,1377,0.24453693061988957,0.24453693061988957,0,,,,True,not_applicable,not stored in original receipt; residual-level replay pending
source_only_temporal_tcn_unit_first_relative_residual_centered_rwa_leo550_alpha_floor,temporal_tcn_unit_first_residual_centered_rwa_leo550_floor_source_gate_20261001_remote.json,bat,residual_ks,LEO550<->LEO700,65,1126,68,1178,0.14387211367673181,0.14387211367673181,0,,,,True,not_applicable,not stored in original receipt; residual-level replay pending
source_only_temporal_tcn_unit_first_relative_residual_centered_rwa_leo550_alpha_floor,temporal_tcn_unit_first_residual_centered_rwa_leo550_floor_source_gate_20261001_remote.json,rwa,directed_transfer,LEO500->LEO550,79,2324,,,0.021684818447327506,0.021684857595825682,-3.9148498175850532e-08,0.015586566123085517,0.015586584514943106,-1.8391857588978544e-08,True,True,
source_only_temporal_tcn_unit_first_relative_residual_centered_rwa_leo550_alpha_floor,temporal_tcn_unit_first_residual_centered_rwa_leo550_floor_source_gate_20261001_remote.json,rwa,directed_transfer,LEO500->LEO700,83,2375,,,0.022576998214863996,0.022576998214863996,0,0.017268392108999022,0.017268392108999022,0,True,True,
source_only_temporal_tcn_unit_first_relative_residual_centered_rwa_leo550_alpha_floor,temporal_tcn_unit_first_residual_centered_rwa_leo550_floor_source_gate_20261001_remote.json,rwa,directed_transfer,LEO550->LEO500,78,2352,,,0.021833752734765476,0.021877929291163542,-4.4176556398066447e-05,0.016725861575250005,0.016751352294944757,-2.5490719694751252e-05,True,True,
source_only_temporal_tcn_unit_first_relative_residual_centered_rwa_leo550_alpha_floor,temporal_tcn_unit_first_residual_centered_rwa_leo550_floor_source_gate_20261001_remote.json,rwa,directed_transfer,LEO550->LEO700,83,2375,,,0.022709281990068379,0.022709281990068379,0,0.017751089082374608,0.017751089082374608,0,True,True,
source_only_temporal_tcn_unit_first_relative_residual_centered_rwa_leo550_alpha_floor,temporal_tcn_unit_first_residual_centered_rwa_leo550_floor_source_gate_20261001_remote.json,rwa,directed_transfer,LEO700->LEO500,78,2352,,,0.022783082408646054,0.022877765467294565,-9.4683058648511315e-05,0.016542674478511557,0.016584350767913508,-4.1676289401951228e-05,True,True,
source_only_temporal_tcn_unit_first_relative_residual_centered_rwa_leo550_alpha_floor,temporal_tcn_unit_first_residual_centered_rwa_leo550_floor_source_gate_20261001_remote.json,rwa,directed_transfer,LEO700->LEO550,79,2324,,,0.021613838938144937,0.021613884816951368,-4.5878806431004504e-08,0.016035571057954463,0.016035585068350601,-1.4010396138380843e-08,True,True,
source_only_temporal_tcn_unit_first_relative_residual_centered_rwa_leo550_alpha_floor,temporal_tcn_unit_first_residual_centered_rwa_leo550_floor_source_gate_20261001_remote.json,rwa,residual_ks,LEO500<->LEO550,79,2324,78,2352,0.11318744365215966,0.1148881239242685,-0.0017006802721088454,,,,True,not_applicable,not stored in original receipt; residual-level replay pending
source_only_temporal_tcn_unit_first_relative_residual_centered_rwa_leo550_alpha_floor,temporal_tcn_unit_first_residual_centered_rwa_leo550_floor_source_gate_20261001_remote.json,rwa,residual_ks,LEO500<->LEO700,83,2375,78,2352,0.098375402792696021,0.10134747583243824,-0.0029720730397422152,,,,True,not_applicable,not stored in original receipt; residual-level replay pending
source_only_temporal_tcn_unit_first_relative_residual_centered_rwa_leo550_alpha_floor,temporal_tcn_unit_first_residual_centered_rwa_leo550_floor_source_gate_20261001_remote.json,rwa,residual_ks,LEO550<->LEO700,83,2375,79,2324,0.15532964942476674,0.15532964942476674,0,,,,True,not_applicable,not stored in original receipt; residual-level replay pending
source_only_temporal_tcn_unit_first_relative_residual_centered_uniform_alpha_floor,temporal_tcn_unit_first_residual_centered_uniform_alpha_floor_source_gate_20261001_remote.json,bat,directed_transfer,LEO500->LEO550,68,1178,,,2.3101736233442991,2.3101868159248711,-1.3192580571974588e-05,1.5491967081172939,1.5492044811821677,-7.7730648737617258e-06,True,True,
source_only_temporal_tcn_unit_first_relative_residual_centered_uniform_alpha_floor,temporal_tcn_unit_first_residual_centered_uniform_alpha_floor_source_gate_20261001_remote.json,bat,directed_transfer,LEO500->LEO700,65,1126,,,3.7781687858896817,3.7782273038351253,-5.8517945443536945e-05,2.427542440372612,2.4275718135740756,-2.9373201463567256e-05,True,True,
source_only_temporal_tcn_unit_first_relative_residual_centered_uniform_alpha_floor,temporal_tcn_unit_first_residual_centered_uniform_alpha_floor_source_gate_20261001_remote.json,bat,directed_transfer,LEO550->LEO500,70,1377,,,4.8421388144056152,4.8421740828903417,-3.5268484726458382e-05,2.7084542454873701,2.7084681127587644,-1.3867271394296665e-05,True,True,
source_only_temporal_tcn_unit_first_relative_residual_centered_uniform_alpha_floor,temporal_tcn_unit_first_residual_centered_uniform_alpha_floor_source_gate_20261001_remote.json,bat,directed_transfer,LEO550->LEO700,65,1126,,,4.7610155145563464,4.7610937858802806,-7.8271323934231418e-05,3.1607726281859292,3.1608175570645907,-4.4928878661476546e-05,True,True,
source_only_temporal_tcn_unit_first_relative_residual_centered_uniform_alpha_floor,temporal_tcn_unit_first_residual_centered_uniform_alpha_floor_source_gate_20261001_remote.json,bat,directed_transfer,LEO700->LEO500,70,1377,,,6.1568628209644034,6.1569104051559913,-4.7584191587901614e-05,3.7727920024795703,3.7728216224664535,-2.9619986883222538e-05,True,True,
source_only_temporal_tcn_unit_first_relative_residual_centered_uniform_alpha_floor,temporal_tcn_unit_first_residual_centered_uniform_alpha_floor_source_gate_20261001_remote.json,bat,directed_transfer,LEO700->LEO550,68,1178,,,4.184482504112423,4.1845165883921753,-3.4084279752377711e-05,2.7430794646655152,2.7431020803759703,-2.2615710455031746e-05,True,True,
source_only_temporal_tcn_unit_first_relative_residual_centered_uniform_alpha_floor,temporal_tcn_unit_first_residual_centered_uniform_alpha_floor_source_gate_20261001_remote.json,bat,residual_ks,LEO500<->LEO550,68,1178,70,1377,0.13263559841342057,0.13263559841342057,0,,,,True,not_applicable,not stored in original receipt; residual-level replay pending
source_only_temporal_tcn_unit_first_relative_residual_centered_uniform_alpha_floor,temporal_tcn_unit_first_residual_centered_uniform_alpha_floor_source_gate_20261001_remote.json,bat,residual_ks,LEO500<->LEO700,65,1126,70,1377,0.24453693061988957,0.24453693061988957,0,,,,True,not_applicable,not stored in original receipt; residual-level replay pending
source_only_temporal_tcn_unit_first_relative_residual_centered_uniform_alpha_floor,temporal_tcn_unit_first_residual_centered_uniform_alpha_floor_source_gate_20261001_remote.json,bat,residual_ks,LEO550<->LEO700,65,1126,68,1178,0.14387211367673181,0.14387211367673181,0,,,,True,not_applicable,not stored in original receipt; residual-level replay pending
source_only_temporal_tcn_unit_first_relative_residual_centered_uniform_alpha_floor,temporal_tcn_unit_first_residual_centered_uniform_alpha_floor_source_gate_20261001_remote.json,rwa,directed_transfer,LEO500->LEO550,79,2324,,,0.021684818447327506,0.021684857595825682,-3.9148498175850532e-08,0.015586566123085517,0.015586584514943106,-1.8391857588978544e-08,True,True,
source_only_temporal_tcn_unit_first_relative_residual_centered_uniform_alpha_floor,temporal_tcn_unit_first_residual_centered_uniform_alpha_floor_source_gate_20261001_remote.json,rwa,directed_transfer,LEO500->LEO700,83,2375,,,0.0225769560619687,0.022576998214863996,-4.215289529582722e-08,0.017268362331851753,0.017268392108999022,-2.977714726876135e-08,True,True,
source_only_temporal_tcn_unit_first_relative_residual_centered_uniform_alpha_floor,temporal_tcn_unit_first_residual_centered_uniform_alpha_floor_source_gate_20261001_remote.json,rwa,directed_transfer,LEO550->LEO500,78,2352,,,0.021833752734765476,0.021877929291163542,-4.4176556398066447e-05,0.016725861575250005,0.016751352294944757,-2.5490719694751252e-05,True,True,
source_only_temporal_tcn_unit_first_relative_residual_centered_uniform_alpha_floor,temporal_tcn_unit_first_residual_centered_uniform_alpha_floor_source_gate_20261001_remote.json,rwa,directed_transfer,LEO550->LEO700,83,2375,,,0.022709244904648609,0.022709281990068379,-3.708541976982227e-08,0.017751065888795634,0.017751089082374608,-2.3193578974067819e-08,True,True,
source_only_temporal_tcn_unit_first_relative_residual_centered_uniform_alpha_floor,temporal_tcn_unit_first_residual_centered_uniform_alpha_floor_source_gate_20261001_remote.json,rwa,directed_transfer,LEO700->LEO500,78,2352,,,0.022783082408646054,0.022877765467294565,-9.4683058648511315e-05,0.016542674478511557,0.016584350767913508,-4.1676289401951228e-05,True,True,
source_only_temporal_tcn_unit_first_relative_residual_centered_uniform_alpha_floor,temporal_tcn_unit_first_residual_centered_uniform_alpha_floor_source_gate_20261001_remote.json,rwa,directed_transfer,LEO700->LEO550,79,2324,,,0.021613838938144937,0.021613884816951368,-4.5878806431004504e-08,0.016035571057954463,0.016035585068350601,-1.4010396138380843e-08,True,True,
source_only_temporal_tcn_unit_first_relative_residual_centered_uniform_alpha_floor,temporal_tcn_unit_first_residual_centered_uniform_alpha_floor_source_gate_20261001_remote.json,rwa,residual_ks,LEO500<->LEO550,79,2324,78,2352,0.11318744365215966,0.1148881239242685,-0.0017006802721088454,,,,True,not_applicable,not stored in original receipt; residual-level replay pending
source_only_temporal_tcn_unit_first_relative_residual_centered_uniform_alpha_floor,temporal_tcn_unit_first_residual_centered_uniform_alpha_floor_source_gate_20261001_remote.json,rwa,residual_ks,LEO500<->LEO700,83,2375,78,2352,0.098375402792696021,0.10134747583243824,-0.0029720730397422152,,,,True,not_applicable,not stored in original receipt; residual-level replay pending
source_only_temporal_tcn_unit_first_relative_residual_centered_uniform_alpha_floor,temporal_tcn_unit_first_residual_centered_uniform_alpha_floor_source_gate_20261001_remote.json,rwa,residual_ks,LEO550<->LEO700,83,2375,79,2324,0.15532964942476674,0.15532964942476674,0,,,,True,not_applicable,not stored in original receipt; residual-level replay pending
source_only_temporal_gru_unit_weighted,temporal_gru_source_gate_20261001_remote.json,bat,directed_transfer,LEO500->LEO550,68,1178,,,8.4003490679115966,2.3101868159248711,6.090162251986726,6.098668113728773,1.5492044811821677,4.5494636325466056,False,False,
source_only_temporal_gru_unit_weighted,temporal_gru_source_gate_20261001_remote.json,bat,directed_transfer,LEO500->LEO700,65,1126,,,8.4851016968694939,3.7782273038351253,4.7068743930343686,6.4396637456316244,2.4275718135740756,4.0120919320575492,False,False,
source_only_temporal_gru_unit_weighted,temporal_gru_source_gate_20261001_remote.json,bat,directed_transfer,LEO550->LEO500,70,1377,,,10.892003825386448,4.8421740828903417,6.0498297424961063,8.2007100186787536,2.7084681127587644,5.4922419059199896,False,False,
source_only_temporal_gru_unit_weighted,temporal_gru_source_gate_20261001_remote.json,bat,directed_transfer,LEO550->LEO700,65,1126,,,10.545613476563256,4.7610937858802806,5.7845196906829752,7.6896188463056276,3.1608175570645907,4.528801289241037,False,False,
source_only_temporal_gru_unit_weighted,temporal_gru_source_gate_20261001_remote.json,bat,directed_transfer,LEO700->LEO500,70,1377,,,15.371998676239773,6.1569104051559913,9.2150882710837827,10.135874320998431,3.7728216224664535,6.3630526985319769,False,False,
source_only_temporal_gru_unit_weighted,temporal_gru_source_gate_20261001_remote.json,bat,directed_transfer,LEO700->LEO550,68,1178,,,11.564291862673535,4.1845165883921753,7.3797752742813598,7.6930206071771998,2.7431020803759703,4.9499185268012296,False,False,
source_only_temporal_gru_unit_weighted,temporal_gru_source_gate_20261001_remote.json,bat,residual_ks,LEO500<->LEO550,68,1178,70,1377,0.20008926666937918,0.13263559841342057,0.06745366825595861,,,,False,not_applicable,not stored in original receipt; residual-level replay pending
source_only_temporal_gru_unit_weighted,temporal_gru_source_gate_20261001_remote.json,bat,residual_ks,LEO500<->LEO700,65,1126,70,1377,0.10390505784578156,0.24453693061988957,-0.14063187277410799,,,,True,not_applicable,not stored in original receipt; residual-level replay pending
source_only_temporal_gru_unit_weighted,temporal_gru_source_gate_20261001_remote.json,bat,residual_ks,LEO550<->LEO700,65,1126,68,1178,0.19278995919869002,0.14387211367673181,0.048917845521958214,,,,False,not_applicable,not stored in original receipt; residual-level replay pending
source_only_temporal_gru_unit_weighted,temporal_gru_source_gate_20261001_remote.json,rwa,directed_transfer,LEO500->LEO550,79,2324,,,0.025162302192031073,0.021566038773727071,0.0035962634183040014,0.018245891375321312,0.015597334343750871,0.0026485570315704417,False,False,
source_only_temporal_gru_unit_weighted,temporal_gru_source_gate_20261001_remote.json,rwa,directed_transfer,LEO500->LEO700,83,2375,,,0.026677160260090611,0.022592618653098532,0.0040845416069920787,0.019666355025915946,0.01724707592217509,0.0024192791037408561,False,False,
source_only_temporal_gru_unit_weighted,temporal_gru_source_gate_20261001_remote.json,rwa,directed_transfer,LEO550->LEO500,78,2352,,,0.02708240048898972,0.021773893093417682,0.0053085073955720374,0.020431491729534769,0.016662792987564626,0.0037686987419701425,False,False,
source_only_temporal_gru_unit_weighted,temporal_gru_source_gate_20261001_remote.json,rwa,directed_transfer,LEO550->LEO700,83,2375,,,0.024682036349213232,0.022683778419412329,0.0019982579298009027,0.018690215048498451,0.017684416671668941,0.0010057983768295108,False,False,
source_only_temporal_gru_unit_weighted,temporal_gru_source_gate_20261001_remote.json,rwa,directed_transfer,LEO700->LEO500,78,2352,,,0.024766214794952817,0.022896349706285256,0.0018698650886675612,0.018495144384391107,0.016556426962439082,0.0019387174219520249,False,False,
source_only_temporal_gru_unit_weighted,temporal_gru_source_gate_20261001_remote.json,rwa,directed_transfer,LEO700->LEO550,79,2324,,,0.022703655143683873,0.021571208871844518,0.0011324462718393553,0.016785746383346081,0.015975071771361701,0.00081067461198438065,False,False,
source_only_temporal_gru_unit_weighted,temporal_gru_source_gate_20261001_remote.json,rwa,residual_ks,LEO500<->LEO550,79,2324,78,2352,0.097768625522498154,0.12707462503073519,-0.029305999508237035,,,,True,not_applicable,not stored in original receipt; residual-level replay pending
source_only_temporal_gru_unit_weighted,temporal_gru_source_gate_20261001_remote.json,rwa,residual_ks,LEO500<->LEO700,83,2375,78,2352,0.080574471894020769,0.089830827067669178,-0.009256355173648409,,,,True,not_applicable,not stored in original receipt; residual-level replay pending
source_only_temporal_gru_unit_weighted,temporal_gru_source_gate_20261001_remote.json,rwa,residual_ks,LEO550<->LEO700,83,2375,79,2324,0.10331569888576864,0.15067959054262162,-0.04736389165685298,,,,True,not_applicable,not stored in original receipt; residual-level replay pending
