dataset_id,unit_id,split,seed,strata
SIM_bat,BAT_LEO500_B00_H0_L1_S001,train,0,LEO500-B00-H0-L1
SIM_bat,BAT_LEO500_B00_H0_L1_S002,train,0,LEO500-B00-H0-L1
SIM_bat,BAT_LEO500_B00_H0_L1_S003,train,0,LEO500-B00-H0-L1
SIM_bat,BAT_LEO500_B00_H0_L1_S004,val,0,LEO500-B00-H0-L1
SIM_bat,BAT_LEO500_B00_H0_L2_S005,train,0,LEO500-B00-H0-L2
SIM_bat,BAT_LEO500_B00_H0_L2_S006,train,0,LEO500-B00-H0-L2
SIM_bat,BAT_LEO500_B00_H0_L2_S007,val,0,LEO500-B00-H0-L2
SIM_bat,BAT_LEO500_B00_H0_L2_S008,holdout,0,LEO500-B00-H0-L2
SIM_bat,BAT_LEO500_B00_H0_L3_S009,val,0,LEO500-B00-H0-L3
SIM_bat,BAT_LEO500_B00_H0_L3_S010,train,0,LEO500-B00-H0-L3
SIM_bat,BAT_LEO500_B00_H0_L3_S011,train,0,LEO500-B00-H0-L3
SIM_bat,BAT_LEO500_B00_H0_L3_S012,train,0,LEO500-B00-H0-L3
SIM_bat,BAT_LEO500_B00_H1_L1_S013,train,0,LEO500-B00-H1-L1
SIM_bat,BAT_LEO500_B00_H1_L1_S014,train,0,LEO500-B00-H1-L1
SIM_bat,BAT_LEO500_B00_H1_L1_S015,train,0,LEO500-B00-H1-L1
SIM_bat,BAT_LEO500_B00_H1_L1_S016,val,0,LEO500-B00-H1-L1
SIM_bat,BAT_LEO500_B00_H1_L2_S017,train,0,LEO500-B00-H1-L2
SIM_bat,BAT_LEO500_B00_H1_L2_S018,holdout,0,LEO500-B00-H1-L2
SIM_bat,BAT_LEO500_B00_H1_L2_S019,val,0,LEO500-B00-H1-L2
SIM_bat,BAT_LEO500_B00_H1_L2_S020,train,0,LEO500-B00-H1-L2
SIM_bat,BAT_LEO500_B00_H1_L3_S021,train,0,LEO500-B00-H1-L3
SIM_bat,BAT_LEO500_B00_H1_L3_S022,train,0,LEO500-B00-H1-L3
SIM_bat,BAT_LEO500_B00_H1_L3_S023,val,0,LEO500-B00-H1-L3
SIM_bat,BAT_LEO500_B00_H1_L3_S024,train,0,LEO500-B00-H1-L3
SIM_bat,BAT_LEO500_B00_H2_L1_S025,train,0,LEO500-B00-H2-L1
SIM_bat,BAT_LEO500_B00_H2_L1_S026,holdout,0,LEO500-B00-H2-L1
SIM_bat,BAT_LEO500_B00_H2_L1_S027,train,0,LEO500-B00-H2-L1
SIM_bat,BAT_LEO500_B00_H2_L1_S028,val,0,LEO500-B00-H2-L1
SIM_bat,BAT_LEO500_B00_H2_L2_S029,train,0,LEO500-B00-H2-L2
SIM_bat,BAT_LEO500_B00_H2_L2_S030,val,0,LEO500-B00-H2-L2
SIM_bat,BAT_LEO500_B00_H2_L2_S031,train,0,LEO500-B00-H2-L2
SIM_bat,BAT_LEO500_B00_H2_L2_S032,holdout,0,LEO500-B00-H2-L2
SIM_bat,BAT_LEO500_B00_H2_L3_S033,holdout,0,LEO500-B00-H2-L3
SIM_bat,BAT_LEO500_B00_H2_L3_S034,train,0,LEO500-B00-H2-L3
SIM_bat,BAT_LEO500_B00_H2_L3_S035,val,0,LEO500-B00-H2-L3
SIM_bat,BAT_LEO500_B00_H2_L3_S036,train,0,LEO500-B00-H2-L3
SIM_bat,BAT_LEO500_B30_H0_L1_S037,holdout,0,LEO500-B30-H0-L1
SIM_bat,BAT_LEO500_B30_H0_L1_S038,train,0,LEO500-B30-H0-L1
SIM_bat,BAT_LEO500_B30_H0_L1_S039,val,0,LEO500-B30-H0-L1
SIM_bat,BAT_LEO500_B30_H0_L1_S040,train,0,LEO500-B30-H0-L1
SIM_bat,BAT_LEO500_B30_H0_L2_S041,train,0,LEO500-B30-H0-L2
SIM_bat,BAT_LEO500_B30_H0_L2_S042,train,0,LEO500-B30-H0-L2
SIM_bat,BAT_LEO500_B30_H0_L2_S043,val,0,LEO500-B30-H0-L2
SIM_bat,BAT_LEO500_B30_H0_L2_S044,train,0,LEO500-B30-H0-L2
SIM_bat,BAT_LEO500_B30_H0_L3_S045,val,0,LEO500-B30-H0-L3
SIM_bat,BAT_LEO500_B30_H0_L3_S046,train,0,LEO500-B30-H0-L3
SIM_bat,BAT_LEO500_B30_H0_L3_S047,train,0,LEO500-B30-H0-L3
SIM_bat,BAT_LEO500_B30_H0_L3_S048,train,0,LEO500-B30-H0-L3
SIM_bat,BAT_LEO500_B30_H1_L1_S049,train,0,LEO500-B30-H1-L1
SIM_bat,BAT_LEO500_B30_H1_L1_S050,val,0,LEO500-B30-H1-L1
SIM_bat,BAT_LEO500_B30_H1_L1_S051,holdout,0,LEO500-B30-H1-L1
SIM_bat,BAT_LEO500_B30_H1_L1_S052,train,0,LEO500-B30-H1-L1
SIM_bat,BAT_LEO500_B30_H1_L2_S053,train,0,LEO500-B30-H1-L2
SIM_bat,BAT_LEO500_B30_H1_L2_S054,val,0,LEO500-B30-H1-L2
SIM_bat,BAT_LEO500_B30_H1_L2_S055,train,0,LEO500-B30-H1-L2
SIM_bat,BAT_LEO500_B30_H1_L2_S056,holdout,0,LEO500-B30-H1-L2
SIM_bat,BAT_LEO500_B30_H1_L3_S057,train,0,LEO500-B30-H1-L3
SIM_bat,BAT_LEO500_B30_H1_L3_S058,val,0,LEO500-B30-H1-L3
SIM_bat,BAT_LEO500_B30_H1_L3_S059,train,0,LEO500-B30-H1-L3
SIM_bat,BAT_LEO500_B30_H1_L3_S060,train,0,LEO500-B30-H1-L3
SIM_bat,BAT_LEO500_B30_H2_L1_S061,train,0,LEO500-B30-H2-L1
SIM_bat,BAT_LEO500_B30_H2_L1_S062,val,0,LEO500-B30-H2-L1
SIM_bat,BAT_LEO500_B30_H2_L1_S063,train,0,LEO500-B30-H2-L1
SIM_bat,BAT_LEO500_B30_H2_L1_S064,train,0,LEO500-B30-H2-L1
SIM_bat,BAT_LEO500_B30_H2_L2_S065,train,0,LEO500-B30-H2-L2
SIM_bat,BAT_LEO500_B30_H2_L2_S066,holdout,0,LEO500-B30-H2-L2
SIM_bat,BAT_LEO500_B30_H2_L2_S067,val,0,LEO500-B30-H2-L2
SIM_bat,BAT_LEO500_B30_H2_L2_S068,train,0,LEO500-B30-H2-L2
SIM_bat,BAT_LEO500_B30_H2_L3_S069,train,0,LEO500-B30-H2-L3
SIM_bat,BAT_LEO500_B30_H2_L3_S070,train,0,LEO500-B30-H2-L3
SIM_bat,BAT_LEO500_B30_H2_L3_S071,val,0,LEO500-B30-H2-L3
SIM_bat,BAT_LEO500_B30_H2_L3_S072,holdout,0,LEO500-B30-H2-L3
SIM_bat,BAT_LEO500_B60_H0_L1_S073,train,0,LEO500-B60-H0-L1
SIM_bat,BAT_LEO500_B60_H0_L1_S074,holdout,0,LEO500-B60-H0-L1
SIM_bat,BAT_LEO500_B60_H0_L1_S075,val,0,LEO500-B60-H0-L1
SIM_bat,BAT_LEO500_B60_H0_L1_S076,train,0,LEO500-B60-H0-L1
SIM_bat,BAT_LEO500_B60_H0_L2_S077,holdout,0,LEO500-B60-H0-L2
SIM_bat,BAT_LEO500_B60_H0_L2_S078,val,0,LEO500-B60-H0-L2
SIM_bat,BAT_LEO500_B60_H0_L2_S079,train,0,LEO500-B60-H0-L2
SIM_bat,BAT_LEO500_B60_H0_L2_S080,train,0,LEO500-B60-H0-L2
SIM_bat,BAT_LEO500_B60_H0_L3_S081,holdout,0,LEO500-B60-H0-L3
SIM_bat,BAT_LEO500_B60_H0_L3_S082,train,0,LEO500-B60-H0-L3
SIM_bat,BAT_LEO500_B60_H0_L3_S083,train,0,LEO500-B60-H0-L3
SIM_bat,BAT_LEO500_B60_H0_L3_S084,val,0,LEO500-B60-H0-L3
SIM_bat,BAT_LEO500_B60_H1_L1_S085,val,0,LEO500-B60-H1-L1
SIM_bat,BAT_LEO500_B60_H1_L1_S086,train,0,LEO500-B60-H1-L1
SIM_bat,BAT_LEO500_B60_H1_L1_S087,holdout,0,LEO500-B60-H1-L1
SIM_bat,BAT_LEO500_B60_H1_L1_S088,train,0,LEO500-B60-H1-L1
SIM_bat,BAT_LEO500_B60_H1_L2_S089,holdout,0,LEO500-B60-H1-L2
SIM_bat,BAT_LEO500_B60_H1_L2_S090,train,0,LEO500-B60-H1-L2
SIM_bat,BAT_LEO500_B60_H1_L2_S091,val,0,LEO500-B60-H1-L2
SIM_bat,BAT_LEO500_B60_H1_L2_S092,train,0,LEO500-B60-H1-L2
SIM_bat,BAT_LEO500_B60_H1_L3_S093,train,0,LEO500-B60-H1-L3
SIM_bat,BAT_LEO500_B60_H1_L3_S094,train,0,LEO500-B60-H1-L3
SIM_bat,BAT_LEO500_B60_H1_L3_S095,val,0,LEO500-B60-H1-L3
SIM_bat,BAT_LEO500_B60_H1_L3_S096,train,0,LEO500-B60-H1-L3
SIM_bat,BAT_LEO500_B60_H2_L1_S097,train,0,LEO500-B60-H2-L1
SIM_bat,BAT_LEO500_B60_H2_L1_S098,val,0,LEO500-B60-H2-L1
SIM_bat,BAT_LEO500_B60_H2_L1_S099,holdout,0,LEO500-B60-H2-L1
SIM_bat,BAT_LEO500_B60_H2_L1_S100,train,0,LEO500-B60-H2-L1
SIM_bat,BAT_LEO500_B60_H2_L2_S101,train,0,LEO500-B60-H2-L2
SIM_bat,BAT_LEO500_B60_H2_L2_S102,train,0,LEO500-B60-H2-L2
SIM_bat,BAT_LEO500_B60_H2_L2_S103,val,0,LEO500-B60-H2-L2
SIM_bat,BAT_LEO500_B60_H2_L2_S104,train,0,LEO500-B60-H2-L2
SIM_bat,BAT_LEO500_B60_H2_L3_S105,train,0,LEO500-B60-H2-L3
SIM_bat,BAT_LEO500_B60_H2_L3_S106,train,0,LEO500-B60-H2-L3
SIM_bat,BAT_LEO500_B60_H2_L3_S107,val,0,LEO500-B60-H2-L3
SIM_bat,BAT_LEO500_B60_H2_L3_S108,train,0,LEO500-B60-H2-L3
SIM_bat,BAT_LEO550_B00_H0_L1_S109,holdout,0,LEO550-B00-H0-L1
SIM_bat,BAT_LEO550_B00_H0_L1_S110,train,0,LEO550-B00-H0-L1
SIM_bat,BAT_LEO550_B00_H0_L1_S111,val,0,LEO550-B00-H0-L1
SIM_bat,BAT_LEO550_B00_H0_L1_S112,train,0,LEO550-B00-H0-L1
SIM_bat,BAT_LEO550_B00_H0_L2_S113,train,0,LEO550-B00-H0-L2
SIM_bat,BAT_LEO550_B00_H0_L2_S114,train,0,LEO550-B00-H0-L2
SIM_bat,BAT_LEO550_B00_H0_L2_S115,train,0,LEO550-B00-H0-L2
SIM_bat,BAT_LEO550_B00_H0_L2_S116,val,0,LEO550-B00-H0-L2
SIM_bat,BAT_LEO550_B00_H0_L3_S117,train,0,LEO550-B00-H0-L3
SIM_bat,BAT_LEO550_B00_H0_L3_S118,train,0,LEO550-B00-H0-L3
SIM_bat,BAT_LEO550_B00_H0_L3_S119,val,0,LEO550-B00-H0-L3
SIM_bat,BAT_LEO550_B00_H0_L3_S120,train,0,LEO550-B00-H0-L3
SIM_bat,BAT_LEO550_B00_H1_L1_S121,train,0,LEO550-B00-H1-L1
SIM_bat,BAT_LEO550_B00_H1_L1_S122,val,0,LEO550-B00-H1-L1
SIM_bat,BAT_LEO550_B00_H1_L1_S123,train,0,LEO550-B00-H1-L1
SIM_bat,BAT_LEO550_B00_H1_L1_S124,train,0,LEO550-B00-H1-L1
SIM_bat,BAT_LEO550_B00_H1_L2_S125,train,0,LEO550-B00-H1-L2
SIM_bat,BAT_LEO550_B00_H1_L2_S126,val,0,LEO550-B00-H1-L2
SIM_bat,BAT_LEO550_B00_H1_L2_S127,train,0,LEO550-B00-H1-L2
SIM_bat,BAT_LEO550_B00_H1_L2_S128,holdout,0,LEO550-B00-H1-L2
SIM_bat,BAT_LEO550_B00_H1_L3_S129,holdout,0,LEO550-B00-H1-L3
SIM_bat,BAT_LEO550_B00_H1_L3_S130,train,0,LEO550-B00-H1-L3
SIM_bat,BAT_LEO550_B00_H1_L3_S131,train,0,LEO550-B00-H1-L3
SIM_bat,BAT_LEO550_B00_H1_L3_S132,val,0,LEO550-B00-H1-L3
SIM_bat,BAT_LEO550_B00_H2_L1_S133,val,0,LEO550-B00-H2-L1
SIM_bat,BAT_LEO550_B00_H2_L1_S134,train,0,LEO550-B00-H2-L1
SIM_bat,BAT_LEO550_B00_H2_L1_S135,train,0,LEO550-B00-H2-L1
SIM_bat,BAT_LEO550_B00_H2_L1_S136,holdout,0,LEO550-B00-H2-L1
SIM_bat,BAT_LEO550_B00_H2_L2_S137,train,0,LEO550-B00-H2-L2
SIM_bat,BAT_LEO550_B00_H2_L2_S138,train,0,LEO550-B00-H2-L2
SIM_bat,BAT_LEO550_B00_H2_L2_S139,train,0,LEO550-B00-H2-L2
SIM_bat,BAT_LEO550_B00_H2_L2_S140,val,0,LEO550-B00-H2-L2
SIM_bat,BAT_LEO550_B00_H2_L3_S141,train,0,LEO550-B00-H2-L3
SIM_bat,BAT_LEO550_B00_H2_L3_S142,val,0,LEO550-B00-H2-L3
SIM_bat,BAT_LEO550_B00_H2_L3_S143,train,0,LEO550-B00-H2-L3
SIM_bat,BAT_LEO550_B00_H2_L3_S144,train,0,LEO550-B00-H2-L3
SIM_bat,BAT_LEO550_B30_H0_L1_S145,train,0,LEO550-B30-H0-L1
SIM_bat,BAT_LEO550_B30_H0_L1_S146,val,0,LEO550-B30-H0-L1
SIM_bat,BAT_LEO550_B30_H0_L1_S147,train,0,LEO550-B30-H0-L1
SIM_bat,BAT_LEO550_B30_H0_L1_S148,holdout,0,LEO550-B30-H0-L1
SIM_bat,BAT_LEO550_B30_H0_L2_S149,train,0,LEO550-B30-H0-L2
SIM_bat,BAT_LEO550_B30_H0_L2_S150,train,0,LEO550-B30-H0-L2
SIM_bat,BAT_LEO550_B30_H0_L2_S151,train,0,LEO550-B30-H0-L2
SIM_bat,BAT_LEO550_B30_H0_L2_S152,val,0,LEO550-B30-H0-L2
SIM_bat,BAT_LEO550_B30_H0_L3_S153,train,0,LEO550-B30-H0-L3
SIM_bat,BAT_LEO550_B30_H0_L3_S154,val,0,LEO550-B30-H0-L3
SIM_bat,BAT_LEO550_B30_H0_L3_S155,holdout,0,LEO550-B30-H0-L3
SIM_bat,BAT_LEO550_B30_H0_L3_S156,train,0,LEO550-B30-H0-L3
SIM_bat,BAT_LEO550_B30_H1_L1_S157,train,0,LEO550-B30-H1-L1
SIM_bat,BAT_LEO550_B30_H1_L1_S158,train,0,LEO550-B30-H1-L1
SIM_bat,BAT_LEO550_B30_H1_L1_S159,val,0,LEO550-B30-H1-L1
SIM_bat,BAT_LEO550_B30_H1_L1_S160,train,0,LEO550-B30-H1-L1
SIM_bat,BAT_LEO550_B30_H1_L2_S161,val,0,LEO550-B30-H1-L2
SIM_bat,BAT_LEO550_B30_H1_L2_S162,train,0,LEO550-B30-H1-L2
SIM_bat,BAT_LEO550_B30_H1_L2_S163,train,0,LEO550-B30-H1-L2
SIM_bat,BAT_LEO550_B30_H1_L2_S164,train,0,LEO550-B30-H1-L2
SIM_bat,BAT_LEO550_B30_H1_L3_S165,train,0,LEO550-B30-H1-L3
SIM_bat,BAT_LEO550_B30_H1_L3_S166,train,0,LEO550-B30-H1-L3
SIM_bat,BAT_LEO550_B30_H1_L3_S167,val,0,LEO550-B30-H1-L3
SIM_bat,BAT_LEO550_B30_H1_L3_S168,train,0,LEO550-B30-H1-L3
SIM_bat,BAT_LEO550_B30_H2_L1_S169,train,0,LEO550-B30-H2-L1
SIM_bat,BAT_LEO550_B30_H2_L1_S170,val,0,LEO550-B30-H2-L1
SIM_bat,BAT_LEO550_B30_H2_L1_S171,holdout,0,LEO550-B30-H2-L1
SIM_bat,BAT_LEO550_B30_H2_L1_S172,train,0,LEO550-B30-H2-L1
SIM_bat,BAT_LEO550_B30_H2_L2_S173,train,0,LEO550-B30-H2-L2
SIM_bat,BAT_LEO550_B30_H2_L2_S174,train,0,LEO550-B30-H2-L2
SIM_bat,BAT_LEO550_B30_H2_L2_S175,holdout,0,LEO550-B30-H2-L2
SIM_bat,BAT_LEO550_B30_H2_L2_S176,val,0,LEO550-B30-H2-L2
SIM_bat,BAT_LEO550_B30_H2_L3_S177,train,0,LEO550-B30-H2-L3
SIM_bat,BAT_LEO550_B30_H2_L3_S178,val,0,LEO550-B30-H2-L3
SIM_bat,BAT_LEO550_B30_H2_L3_S179,holdout,0,LEO550-B30-H2-L3
SIM_bat,BAT_LEO550_B30_H2_L3_S180,train,0,LEO550-B30-H2-L3
SIM_bat,BAT_LEO550_B60_H0_L1_S181,train,0,LEO550-B60-H0-L1
SIM_bat,BAT_LEO550_B60_H0_L1_S182,train,0,LEO550-B60-H0-L1
SIM_bat,BAT_LEO550_B60_H0_L1_S183,train,0,LEO550-B60-H0-L1
SIM_bat,BAT_LEO550_B60_H0_L1_S184,val,0,LEO550-B60-H0-L1
SIM_bat,BAT_LEO550_B60_H0_L2_S185,train,0,LEO550-B60-H0-L2
SIM_bat,BAT_LEO550_B60_H0_L2_S186,holdout,0,LEO550-B60-H0-L2
SIM_bat,BAT_LEO550_B60_H0_L2_S187,train,0,LEO550-B60-H0-L2
SIM_bat,BAT_LEO550_B60_H0_L2_S188,val,0,LEO550-B60-H0-L2
SIM_bat,BAT_LEO550_B60_H0_L3_S189,train,0,LEO550-B60-H0-L3
SIM_bat,BAT_LEO550_B60_H0_L3_S190,val,0,LEO550-B60-H0-L3
SIM_bat,BAT_LEO550_B60_H0_L3_S191,train,0,LEO550-B60-H0-L3
SIM_bat,BAT_LEO550_B60_H0_L3_S192,holdout,0,LEO550-B60-H0-L3
SIM_bat,BAT_LEO550_B60_H1_L1_S193,train,0,LEO550-B60-H1-L1
SIM_bat,BAT_LEO550_B60_H1_L1_S194,train,0,LEO550-B60-H1-L1
SIM_bat,BAT_LEO550_B60_H1_L1_S195,val,0,LEO550-B60-H1-L1
SIM_bat,BAT_LEO550_B60_H1_L1_S196,train,0,LEO550-B60-H1-L1
SIM_bat,BAT_LEO550_B60_H1_L2_S197,val,0,LEO550-B60-H1-L2
SIM_bat,BAT_LEO550_B60_H1_L2_S198,train,0,LEO550-B60-H1-L2
SIM_bat,BAT_LEO550_B60_H1_L2_S199,train,0,LEO550-B60-H1-L2
SIM_bat,BAT_LEO550_B60_H1_L2_S200,holdout,0,LEO550-B60-H1-L2
SIM_bat,BAT_LEO550_B60_H1_L3_S201,train,0,LEO550-B60-H1-L3
SIM_bat,BAT_LEO550_B60_H1_L3_S202,val,0,LEO550-B60-H1-L3
SIM_bat,BAT_LEO550_B60_H1_L3_S203,holdout,0,LEO550-B60-H1-L3
SIM_bat,BAT_LEO550_B60_H1_L3_S204,train,0,LEO550-B60-H1-L3
SIM_bat,BAT_LEO550_B60_H2_L1_S205,train,0,LEO550-B60-H2-L1
SIM_bat,BAT_LEO550_B60_H2_L1_S206,holdout,0,LEO550-B60-H2-L1
SIM_bat,BAT_LEO550_B60_H2_L1_S207,val,0,LEO550-B60-H2-L1
SIM_bat,BAT_LEO550_B60_H2_L1_S208,train,0,LEO550-B60-H2-L1
SIM_bat,BAT_LEO550_B60_H2_L2_S209,train,0,LEO550-B60-H2-L2
SIM_bat,BAT_LEO550_B60_H2_L2_S210,val,0,LEO550-B60-H2-L2
SIM_bat,BAT_LEO550_B60_H2_L2_S211,train,0,LEO550-B60-H2-L2
SIM_bat,BAT_LEO550_B60_H2_L2_S212,train,0,LEO550-B60-H2-L2
SIM_bat,BAT_LEO550_B60_H2_L3_S213,holdout,0,LEO550-B60-H2-L3
SIM_bat,BAT_LEO550_B60_H2_L3_S214,train,0,LEO550-B60-H2-L3
SIM_bat,BAT_LEO550_B60_H2_L3_S215,val,0,LEO550-B60-H2-L3
SIM_bat,BAT_LEO550_B60_H2_L3_S216,train,0,LEO550-B60-H2-L3
SIM_bat,BAT_LEO700_B00_H0_L1_S217,holdout,0,LEO700-B00-H0-L1
SIM_bat,BAT_LEO700_B00_H0_L1_S218,train,0,LEO700-B00-H0-L1
SIM_bat,BAT_LEO700_B00_H0_L1_S219,train,0,LEO700-B00-H0-L1
SIM_bat,BAT_LEO700_B00_H0_L1_S220,val,0,LEO700-B00-H0-L1
SIM_bat,BAT_LEO700_B00_H0_L2_S221,train,0,LEO700-B00-H0-L2
SIM_bat,BAT_LEO700_B00_H0_L2_S222,train,0,LEO700-B00-H0-L2
SIM_bat,BAT_LEO700_B00_H0_L2_S223,val,0,LEO700-B00-H0-L2
SIM_bat,BAT_LEO700_B00_H0_L2_S224,train,0,LEO700-B00-H0-L2
SIM_bat,BAT_LEO700_B00_H0_L3_S225,val,0,LEO700-B00-H0-L3
SIM_bat,BAT_LEO700_B00_H0_L3_S226,train,0,LEO700-B00-H0-L3
SIM_bat,BAT_LEO700_B00_H0_L3_S227,train,0,LEO700-B00-H0-L3
SIM_bat,BAT_LEO700_B00_H0_L3_S228,train,0,LEO700-B00-H0-L3
SIM_bat,BAT_LEO700_B00_H1_L1_S229,train,0,LEO700-B00-H1-L1
SIM_bat,BAT_LEO700_B00_H1_L1_S230,train,0,LEO700-B00-H1-L1
SIM_bat,BAT_LEO700_B00_H1_L1_S231,val,0,LEO700-B00-H1-L1
SIM_bat,BAT_LEO700_B00_H1_L1_S232,train,0,LEO700-B00-H1-L1
SIM_bat,BAT_LEO700_B00_H1_L2_S233,train,0,LEO700-B00-H1-L2
SIM_bat,BAT_LEO700_B00_H1_L2_S234,val,0,LEO700-B00-H1-L2
SIM_bat,BAT_LEO700_B00_H1_L2_S235,train,0,LEO700-B00-H1-L2
SIM_bat,BAT_LEO700_B00_H1_L2_S236,train,0,LEO700-B00-H1-L2
SIM_bat,BAT_LEO700_B00_H1_L3_S237,holdout,0,LEO700-B00-H1-L3
SIM_bat,BAT_LEO700_B00_H1_L3_S238,val,0,LEO700-B00-H1-L3
SIM_bat,BAT_LEO700_B00_H1_L3_S239,train,0,LEO700-B00-H1-L3
SIM_bat,BAT_LEO700_B00_H1_L3_S240,train,0,LEO700-B00-H1-L3
SIM_bat,BAT_LEO700_B00_H2_L1_S241,train,0,LEO700-B00-H2-L1
SIM_bat,BAT_LEO700_B00_H2_L1_S242,train,0,LEO700-B00-H2-L1
SIM_bat,BAT_LEO700_B00_H2_L1_S243,val,0,LEO700-B00-H2-L1
SIM_bat,BAT_LEO700_B00_H2_L1_S244,holdout,0,LEO700-B00-H2-L1
SIM_bat,BAT_LEO700_B00_H2_L2_S245,train,0,LEO700-B00-H2-L2
SIM_bat,BAT_LEO700_B00_H2_L2_S246,holdout,0,LEO700-B00-H2-L2
SIM_bat,BAT_LEO700_B00_H2_L2_S247,train,0,LEO700-B00-H2-L2
SIM_bat,BAT_LEO700_B00_H2_L2_S248,val,0,LEO700-B00-H2-L2
SIM_bat,BAT_LEO700_B00_H2_L3_S249,train,0,LEO700-B00-H2-L3
SIM_bat,BAT_LEO700_B00_H2_L3_S250,train,0,LEO700-B00-H2-L3
SIM_bat,BAT_LEO700_B00_H2_L3_S251,holdout,0,LEO700-B00-H2-L3
SIM_bat,BAT_LEO700_B00_H2_L3_S252,val,0,LEO700-B00-H2-L3
SIM_bat,BAT_LEO700_B30_H0_L1_S253,val,0,LEO700-B30-H0-L1
SIM_bat,BAT_LEO700_B30_H0_L1_S254,holdout,0,LEO700-B30-H0-L1
SIM_bat,BAT_LEO700_B30_H0_L1_S255,train,0,LEO700-B30-H0-L1
SIM_bat,BAT_LEO700_B30_H0_L1_S256,train,0,LEO700-B30-H0-L1
SIM_bat,BAT_LEO700_B30_H0_L2_S257,val,0,LEO700-B30-H0-L2
SIM_bat,BAT_LEO700_B30_H0_L2_S258,holdout,0,LEO700-B30-H0-L2
SIM_bat,BAT_LEO700_B30_H0_L2_S259,train,0,LEO700-B30-H0-L2
SIM_bat,BAT_LEO700_B30_H0_L2_S260,train,0,LEO700-B30-H0-L2
SIM_bat,BAT_LEO700_B30_H0_L3_S261,train,0,LEO700-B30-H0-L3
SIM_bat,BAT_LEO700_B30_H0_L3_S262,holdout,0,LEO700-B30-H0-L3
SIM_bat,BAT_LEO700_B30_H0_L3_S263,train,0,LEO700-B30-H0-L3
SIM_bat,BAT_LEO700_B30_H0_L3_S264,val,0,LEO700-B30-H0-L3
SIM_bat,BAT_LEO700_B30_H1_L1_S265,holdout,0,LEO700-B30-H1-L1
SIM_bat,BAT_LEO700_B30_H1_L1_S266,train,0,LEO700-B30-H1-L1
SIM_bat,BAT_LEO700_B30_H1_L1_S267,train,0,LEO700-B30-H1-L1
SIM_bat,BAT_LEO700_B30_H1_L1_S268,val,0,LEO700-B30-H1-L1
SIM_bat,BAT_LEO700_B30_H1_L2_S269,val,0,LEO700-B30-H1-L2
SIM_bat,BAT_LEO700_B30_H1_L2_S270,train,0,LEO700-B30-H1-L2
SIM_bat,BAT_LEO700_B30_H1_L2_S271,train,0,LEO700-B30-H1-L2
SIM_bat,BAT_LEO700_B30_H1_L2_S272,train,0,LEO700-B30-H1-L2
SIM_bat,BAT_LEO700_B30_H1_L3_S273,train,0,LEO700-B30-H1-L3
SIM_bat,BAT_LEO700_B30_H1_L3_S274,train,0,LEO700-B30-H1-L3
SIM_bat,BAT_LEO700_B30_H1_L3_S275,val,0,LEO700-B30-H1-L3
SIM_bat,BAT_LEO700_B30_H1_L3_S276,train,0,LEO700-B30-H1-L3
SIM_bat,BAT_LEO700_B30_H2_L1_S277,train,0,LEO700-B30-H2-L1
SIM_bat,BAT_LEO700_B30_H2_L1_S278,val,0,LEO700-B30-H2-L1
SIM_bat,BAT_LEO700_B30_H2_L1_S279,holdout,0,LEO700-B30-H2-L1
SIM_bat,BAT_LEO700_B30_H2_L1_S280,train,0,LEO700-B30-H2-L1
SIM_bat,BAT_LEO700_B30_H2_L2_S281,val,0,LEO700-B30-H2-L2
SIM_bat,BAT_LEO700_B30_H2_L2_S282,train,0,LEO700-B30-H2-L2
SIM_bat,BAT_LEO700_B30_H2_L2_S283,holdout,0,LEO700-B30-H2-L2
SIM_bat,BAT_LEO700_B30_H2_L2_S284,train,0,LEO700-B30-H2-L2
SIM_bat,BAT_LEO700_B30_H2_L3_S285,train,0,LEO700-B30-H2-L3
SIM_bat,BAT_LEO700_B30_H2_L3_S286,holdout,0,LEO700-B30-H2-L3
SIM_bat,BAT_LEO700_B30_H2_L3_S287,train,0,LEO700-B30-H2-L3
SIM_bat,BAT_LEO700_B30_H2_L3_S288,val,0,LEO700-B30-H2-L3
SIM_bat,BAT_LEO700_B60_H0_L1_S289,train,0,LEO700-B60-H0-L1
SIM_bat,BAT_LEO700_B60_H0_L1_S290,train,0,LEO700-B60-H0-L1
SIM_bat,BAT_LEO700_B60_H0_L1_S291,val,0,LEO700-B60-H0-L1
SIM_bat,BAT_LEO700_B60_H0_L1_S292,train,0,LEO700-B60-H0-L1
SIM_bat,BAT_LEO700_B60_H0_L2_S293,train,0,LEO700-B60-H0-L2
SIM_bat,BAT_LEO700_B60_H0_L2_S294,val,0,LEO700-B60-H0-L2
SIM_bat,BAT_LEO700_B60_H0_L2_S295,train,0,LEO700-B60-H0-L2
SIM_bat,BAT_LEO700_B60_H0_L2_S296,holdout,0,LEO700-B60-H0-L2
SIM_bat,BAT_LEO700_B60_H0_L3_S297,val,0,LEO700-B60-H0-L3
SIM_bat,BAT_LEO700_B60_H0_L3_S298,holdout,0,LEO700-B60-H0-L3
SIM_bat,BAT_LEO700_B60_H0_L3_S299,train,0,LEO700-B60-H0-L3
SIM_bat,BAT_LEO700_B60_H0_L3_S300,train,0,LEO700-B60-H0-L3
SIM_bat,BAT_LEO700_B60_H1_L1_S301,val,0,LEO700-B60-H1-L1
SIM_bat,BAT_LEO700_B60_H1_L1_S302,holdout,0,LEO700-B60-H1-L1
SIM_bat,BAT_LEO700_B60_H1_L1_S303,train,0,LEO700-B60-H1-L1
SIM_bat,BAT_LEO700_B60_H1_L1_S304,train,0,LEO700-B60-H1-L1
SIM_bat,BAT_LEO700_B60_H1_L2_S305,train,0,LEO700-B60-H1-L2
SIM_bat,BAT_LEO700_B60_H1_L2_S306,train,0,LEO700-B60-H1-L2
SIM_bat,BAT_LEO700_B60_H1_L2_S307,train,0,LEO700-B60-H1-L2
SIM_bat,BAT_LEO700_B60_H1_L2_S308,val,0,LEO700-B60-H1-L2
SIM_bat,BAT_LEO700_B60_H1_L3_S309,holdout,0,LEO700-B60-H1-L3
SIM_bat,BAT_LEO700_B60_H1_L3_S310,train,0,LEO700-B60-H1-L3
SIM_bat,BAT_LEO700_B60_H1_L3_S311,val,0,LEO700-B60-H1-L3
SIM_bat,BAT_LEO700_B60_H1_L3_S312,train,0,LEO700-B60-H1-L3
SIM_bat,BAT_LEO700_B60_H2_L1_S313,holdout,0,LEO700-B60-H2-L1
SIM_bat,BAT_LEO700_B60_H2_L1_S314,train,0,LEO700-B60-H2-L1
SIM_bat,BAT_LEO700_B60_H2_L1_S315,train,0,LEO700-B60-H2-L1
SIM_bat,BAT_LEO700_B60_H2_L1_S316,val,0,LEO700-B60-H2-L1
SIM_bat,BAT_LEO700_B60_H2_L2_S317,holdout,0,LEO700-B60-H2-L2
SIM_bat,BAT_LEO700_B60_H2_L2_S318,train,0,LEO700-B60-H2-L2
SIM_bat,BAT_LEO700_B60_H2_L2_S319,train,0,LEO700-B60-H2-L2
SIM_bat,BAT_LEO700_B60_H2_L2_S320,val,0,LEO700-B60-H2-L2
SIM_bat,BAT_LEO700_B60_H2_L3_S321,train,0,LEO700-B60-H2-L3
SIM_bat,BAT_LEO700_B60_H2_L3_S322,train,0,LEO700-B60-H2-L3
SIM_bat,BAT_LEO700_B60_H2_L3_S323,val,0,LEO700-B60-H2-L3
SIM_bat,BAT_LEO700_B60_H2_L3_S324,train,0,LEO700-B60-H2-L3
