sample_id,line,dataset_id,orbit,beta_deg,profile,h_level,l_level,doe_cell,cell_index,indiv,serial,seed,yaml,out_mat,gmat_env,stop_time_s,est_tf_days,est_wall_bucket,fault_inject,fault_time_frac,queue_order
BAT_LEO600_B00_H1_L1_S940,bat,SIM_bat,LEO600,0,stare,H1,L1,LEO600-B00-H1-L1,57,4,940,891940,configs/sim/sample/BAT_LEO600_B00_H1_L1_S940.yaml,data/raw/sim/bat/BAT_LEO600_B00_H1_L1_S940.mat,sim/gmat/out/env_LEO600_B00.mat,1090600,7.5417,mid,none,,1
BAT_LEO600_B00_H0_L2_S941,bat,SIM_bat,LEO600,0,scan,H0,L2,LEO600-B00-H0-L2,55,1,941,891941,configs/sim/sample/BAT_LEO600_B00_H0_L2_S941.yaml,data/raw/sim/bat/BAT_LEO600_B00_H0_L2_S941.mat,sim/gmat/out/env_LEO600_B00.mat,2364880,16.7580,long,none,,2
BAT_LEO600_B30_H0_L1_S942,bat,SIM_bat,LEO600,30,stare,H0,L1,LEO600-B30-H0-L1,36,3,942,891942,configs/sim/sample/BAT_LEO600_B30_H0_L1_S942.yaml,data/raw/sim/bat/BAT_LEO600_B30_H0_L1_S942.mat,sim/gmat/out/env_LEO600_B30.mat,1480920,10.3646,long,none,,3
BAT_LEO600_B30_H1_L2_S943,bat,SIM_bat,LEO600,30,scan,H1,L2,LEO600-B30-H1-L2,13,1,943,891943,configs/sim/sample/BAT_LEO600_B30_H1_L2_S943.yaml,data/raw/sim/bat/BAT_LEO600_B30_H1_L2_S943.mat,sim/gmat/out/env_LEO600_B30.mat,935620,6.3946,mid,none,,4
BAT_LEO600_B60_H1_L3_S944,bat,SIM_bat,LEO600,60,dense,H1,L3,LEO600-B60-H1-L3,77,2,944,891944,configs/sim/sample/BAT_LEO600_B60_H1_L3_S944.yaml,data/raw/sim/bat/BAT_LEO600_B60_H1_L3_S944.mat,sim/gmat/out/env_LEO600_B60.mat,1119300,7.7476,mid,none,,5
BAT_LEO600_B60_H0_L1_S945,bat,SIM_bat,LEO600,60,stare,H0,L1,LEO600-B60-H0-L1,72,3,945,891945,configs/sim/sample/BAT_LEO600_B60_H0_L1_S945.yaml,data/raw/sim/bat/BAT_LEO600_B60_H0_L1_S945.mat,sim/gmat/out/env_LEO600_B60.mat,2824080,20.0935,long,none,,6
RWA_LEO600_B00_H1_L3_S946,rwa,SIM_rwa,LEO600,0,dense,H1,L3,LEO600-B00-H1-L3,5,1,946,891946,configs/sim/sample/RWA_LEO600_B00_H1_L3_S946.yaml,data/raw/sim/rwa/RWA_LEO600_B00_H1_L3_S946.mat,sim/gmat/out/env_LEO600_B00.mat,17160,0.0819,short,none,,7
RWA_LEO600_B00_H1_L2_S947,rwa,SIM_rwa,LEO600,0,scan,H1,L2,LEO600-B00-H1-L2,31,3,947,891947,configs/sim/sample/RWA_LEO600_B00_H1_L2_S947.yaml,data/raw/sim/rwa/RWA_LEO600_B00_H1_L2_S947.mat,sim/gmat/out/env_LEO600_B00.mat,22170,0.1109,mid,none,,8
RWA_LEO600_B30_H2_L2_S948,rwa,SIM_rwa,LEO600,30,scan,H2,L2,LEO600-B30-H2-L2,70,2,948,891948,configs/sim/sample/RWA_LEO600_B30_H2_L2_S948.yaml,data/raw/sim/rwa/RWA_LEO600_B30_H2_L2_S948.mat,sim/gmat/out/env_LEO600_B30.mat,17110,0.0816,short,none,,9
RWA_LEO600_B30_H1_L1_S949,rwa,SIM_rwa,LEO600,30,stare,H1,L1,LEO600-B30-H1-L1,66,4,949,891949,configs/sim/sample/RWA_LEO600_B30_H1_L1_S949.yaml,data/raw/sim/rwa/RWA_LEO600_B30_H1_L1_S949.mat,sim/gmat/out/env_LEO600_B30.mat,39330,0.2102,long,none,,10
RWA_LEO600_B60_H1_L2_S950,rwa,SIM_rwa,LEO600,60,scan,H1,L2,LEO600-B60-H1-L2,49,2,950,891950,configs/sim/sample/RWA_LEO600_B60_H1_L2_S950.yaml,data/raw/sim/rwa/RWA_LEO600_B60_H1_L2_S950.mat,sim/gmat/out/env_LEO600_B60.mat,27350,0.1409,mid,none,,11
RWA_LEO600_B60_H2_L2_S951,rwa,SIM_rwa,LEO600,60,scan,H2,L2,LEO600-B60-H2-L2,79,1,951,891951,configs/sim/sample/RWA_LEO600_B60_H2_L2_S951.yaml,data/raw/sim/rwa/RWA_LEO600_B60_H2_L2_S951.mat,sim/gmat/out/env_LEO600_B60.mat,18110,0.0874,short,none,,12
